#	Map Name	*	MapX	MapY	Default Destination	DestX	DestY	Non-Default Warp Name	E/X	Group	Friendly Warp Name
92	ROUTE_28	2	7	3	ROUTE_28_STEEL_WING_HOUSE	2	7		E	28 Cut	ROUTE_28_STEEL_WING_HOUSE Entrance
18	AZALEA_TOWN	7	15	9	AZALEA_POKECENTER_1F	3	7		E	Azalea	AZALEA_POKECENTER_1F Entrance
19	AZALEA_TOWN	7	21	13	CHARCOAL_KILN	2	7		E	Azalea	CHARCOAL_KILN Entrance
20	AZALEA_TOWN	7	21	5	AZALEA_MART	3	7		E	Azalea	AZALEA_MART Entrance
21	AZALEA_TOWN	7	9	5	KURTS_HOUSE	3	7		E	Azalea	KURTS_HOUSE Entrance
24	AZALEA_TOWN	7	2	10	ILEX_FOREST_AZALEA_GATE	9	4	Azalea Exit to Ilex Gate	E	Azalea	Azalea Exit to Ilex Gate Entrance
102	ROUTE_33	1	11	9	UNION_CAVE_1F	17	31	Route 33 Union Cave	E	Azalea	Route 33 Union Cave Entrance
599	AZALEA_POKECENTER_1F	1	3	7	AZALEA_TOWN	15	9		X	Azalea Center	AZALEA_POKECENTER_1F Exit
603	AZALEA_GYM	1	4	15	AZALEA_TOWN	10	15		X	Azalea Gym	AZALEA_GYM Exit
601	AZALEA_MART	1	2	7	AZALEA_TOWN	21	5		X	Azalea Mart	AZALEA_MART Exit
23	AZALEA_TOWN	7	31	7	SLOWPOKE_WELL_B1F	17	15		E	Azalea Met Kurt	SLOWPOKE_WELL_B1F Entrance
22	AZALEA_TOWN	7	10	15	AZALEA_GYM	4	15		E	Azalea Saved Slowpokes	AZALEA_GYM Entrance
654	ILEX_FOREST_AZALEA_GATE	2	0	4	ILEX_FOREST	3	42	Azalea to Ilex Gate	X	Azalea/Ilex Gate	Azalea to Ilex Gate Exit
655	ILEX_FOREST_AZALEA_GATE	2	9	4	AZALEA_TOWN	2	10	Ilex to Azalea Gate	X	Azalea/Ilex Gate	Ilex to Azalea Gate Exit
812	BATTLE_TOWER_OUTSIDE	2	8	21	ROUTE_40_BATTLE_TOWER_GATE	4	0	Route 40 from Battle Tower Gate		Battle Tower Passage	Route 40 from Battle Tower Gate 
813	BATTLE_TOWER_OUTSIDE	2	8	9	BATTLE_TOWER_1F	7	9		E	Battle Tower Passage	BATTLE_TOWER_1F Entrance
810	ROUTE_40_BATTLE_TOWER_GATE	2	4	7	ROUTE_40	9	5	Battle Tower to Route 40 Gate	X	Battle Tower/Route 40 Gate	Battle Tower to Route 40 Gate Exit
811	ROUTE_40_BATTLE_TOWER_GATE	2	4	0	BATTLE_TOWER_OUTSIDE	8	21	Route 40 to Battle Tower Gate	X	Battle Tower/Route 40 Gate	Route 40 to Battle Tower Gate Exit
598	BILLS_HOUSE	1	2	7	ROUTE_25	47	5		X	Bills Grandfather House	BILLS_HOUSE Exit
630	BILLS_FAMILYS_HOUSE	1	2	7	GOLDENROD_CITY	5	25	Bills House	X	Bills House	Bills House Exit
582	BLACKTHORN_POKECENTER_1F	1	3	7	BLACKTHORN_CITY	21	29		X	Blackthorn Poke Center	BLACKTHORN_POKECENTER_1F Exit
126	ROUTE_45	1	2	5	DARK_CAVE_BLACKTHORN_ENTRANCE	23	3		E	Blackthorn	DARK_CAVE_BLACKTHORN_ENTRANCE Entrance
77	BLACKTHORN_CITY	8	13	21	BLACKTHORN_DRAGON_SPEECH_HOUSE	2	7		E	Blackthorn	BLACKTHORN_DRAGON_SPEECH_HOUSE Entrance
78	BLACKTHORN_CITY	8	29	23	BLACKTHORN_EMYS_HOUSE	2	7		E	Blackthorn	BLACKTHORN_EMYS_HOUSE Entrance
79	BLACKTHORN_CITY	8	15	29	BLACKTHORN_MART	3	7		E	Blackthorn	BLACKTHORN_MART Entrance
80	BLACKTHORN_CITY	8	21	29	BLACKTHORN_POKECENTER_1F	3	7		E	Blackthorn	BLACKTHORN_POKECENTER_1F Entrance
81	BLACKTHORN_CITY	8	9	31	MOVE_DELETERS_HOUSE	2	7		E	Blackthorn	MOVE_DELETERS_HOUSE Entrance
82	BLACKTHORN_CITY	8	36	9	ICE_PATH_1F	36	27	Blackthorn City Ice Path	E	Blackthorn	Blackthorn City Ice Path Entrance
83	BLACKTHORN_CITY	8	20	1	DRAGONS_DEN_1F	3	5		E	Blackthorn Clair Defeated Surf	DRAGONS_DEN_1F Entrance
76	BLACKTHORN_CITY	8	18	11	BLACKTHORN_GYM_1F	4	17		E	Blackthorn Rockets Cleared	BLACKTHORN_GYM_1F Entrance
579	BLACKTHORN_DRAGON_SPEECH_HOUSE	1	2	7	BLACKTHORN_CITY	13	21		X	Blackthorn Dragon Speech House	BLACKTHORN_DRAGON_SPEECH_HOUSE Exit
570	BLACKTHORN_GYM_1F	5	4	17	BLACKTHORN_CITY	18	11		X	Blackthorn Gym 1F Main	BLACKTHORN_GYM_1F Exit
571	BLACKTHORN_GYM_1F	5	1	7	BLACKTHORN_GYM_2F	1	7	Blackthorn Gym First Stairs Up		Blackthorn Gym 1F Main	Blackthorn Gym First Stairs Up 
575	BLACKTHORN_GYM_2F	4	1	7	BLACKTHORN_GYM_1F	1	7	Blackthorn Gym First Stairs Down		Blackthorn Gym Boulders	Blackthorn Gym First Stairs Down 
576	BLACKTHORN_GYM_2F	4	7	9	BLACKTHORN_GYM_1F	7	9	Blackthorn Gym Second Stairs Down		Blackthorn Gym Boulders	Blackthorn Gym Second Stairs Down 
572	BLACKTHORN_GYM_1F	5	7	9	BLACKTHORN_GYM_2F	7	9	Blackthorn Gym Second Stairs Up		Blackthorn Gym Middle	Blackthorn Gym Second Stairs Up 
127	ROUTE_46	2	7	33	ROUTE_29_ROUTE_46_GATE	4	0	Route 46 to Route 29 Gate	E	Blackthorn Lower	Route 46 to Route 29 Gate Entrance
128	ROUTE_46	2	14	5	DARK_CAVE_VIOLET_ENTRANCE	35	33	Route 46 Dark Cave	E	Blackthorn Lower Still	Route 46 Dark Cave Entrance
581	BLACKTHORN_MART	1	2	7	BLACKTHORN_CITY	15	29		X	Blackthorn Mart	BLACKTHORN_MART Exit
580	BLACKTHORN_EMYS_HOUSE	1	2	7	BLACKTHORN_CITY	29	23	Blackthorn Trade House	X	Blackthorn Trade House	Blackthorn Trade House Exit
675	BLUES_HOUSE	1	2	7	PALLET_TOWN	13	5		X	Blues House	BLUES_HOUSE Exit
701	FAST_SHIP_CABINS_SW_SSW_NW	3	2	19	FAST_SHIP_1F	15	15	Bottom Far Left Ship Room	X	Bottom Far Left Ship Room	Bottom Far Left Ship Room Exit
704	FAST_SHIP_CABINS_SE_SSE_CAPTAINS_CABIN	3	2	19	FAST_SHIP_1F	27	15	Bottom Far Right Ship Room	X	Bottom Far Right Ship Room	Bottom Far Right Ship Room Exit
702	FAST_SHIP_CABINS_SW_SSW_NW	3	2	31	FAST_SHIP_1F	19	15	Bottom Left Ship Room	X	Bottom Left Ship Room	Bottom Left Ship Room Exit
703	FAST_SHIP_CABINS_SE_SSE_CAPTAINS_CABIN	3	2	7	FAST_SHIP_1F	23	15	Bottom Right Ship Room	X	Bottom Right Ship Room	Bottom Right Ship Room Exit
149	ROUTE_19	1	7	3	ROUTE_19_FUCHSIA_GATE	4	7		E	Route 19 Boulders	ROUTE_19_FUCHSIA_GATE Entrance
727	BRUNOS_ROOM	2	4	17	KOGAS_ROOM	4	2		X	Brunos Room	BRUNOS_ROOM Exit
728	BRUNOS_ROOM	2	4	2	KARENS_ROOM	4	17		E	Brunos Room	KARENS_ROOM Entrance
267	BURNED_TOWER_1F	6	9	15	ECRUTEAK_CITY	5	5	Burned Tower	X	Burned Tower 1F	Burned Tower Exit
272	BURNED_TOWER_1F	6	7	15	BURNED_TOWER_B1F	7	15	Burned Tower Ladder Down		Burned Tower 1F Down	Burned Tower Ladder Down 
277	BURNED_TOWER_B1F	5	7	15	BURNED_TOWER_1F	7	15	Burned Tower Ladder Up		Burned Tower Basement	Burned Tower Ladder Up 
694	FAST_SHIP_1F	11	3	13	FAST_SHIP_CABINS_SE_SSE_CAPTAINS_CABIN	2	33	Captains Room	E	Captains Passage	Captains Room Entrance
695	FAST_SHIP_1F	11	6	12	FAST_SHIP_B1F	5	11	Captains Passage		Captains Passage	Captains Passage 
705	FAST_SHIP_CABINS_SE_SSE_CAPTAINS_CABIN	3	2	33	FAST_SHIP_1F	3	13	Captains Room	X	Captains Room	Captains Room Exit
163	ROUTE_16	3	9	6	ROUTE_16_GATE	0	4	Celadon to Route 16 Gate	E	Celadon	Celadon to Route 16 Gate Entrance
164	CELADON_CITY	8	4	9	CELADON_DEPT_STORE_1F	7	7		E	Celadon	CELADON_DEPT_STORE_1F Entrance
165	CELADON_CITY	8	16	9	CELADON_MANSION_1F	6	9	Celadon Mansion Front 	E	Celadon	Celadon Mansion Front  Entrance
166	CELADON_CITY	8	16	3	CELADON_MANSION_1F	3	0	Celadon Mansion Back	E	Celadon	Celadon Mansion Back Entrance
167	CELADON_CITY	8	29	9	CELADON_POKECENTER_1F	3	7		E	Celadon	CELADON_POKECENTER_1F Entrance
168	CELADON_CITY	8	18	19	CELADON_GAME_CORNER	14	13		E	Celadon	CELADON_GAME_CORNER Entrance
169	CELADON_CITY	8	23	19	CELADON_GAME_CORNER_PRIZE_ROOM	2	5		E	Celadon	CELADON_GAME_CORNER_PRIZE_ROOM Entrance
171	CELADON_CITY	8	25	29	CELADON_CAFE	6	7		E	Celadon	CELADON_CAFE Entrance
172	ROUTE_7	1	15	6	ROUTE_7_SAFFRON_GATE	0	4	Route 7 to Saffron Gate	E	Celadon	Route 7 to Saffron Gate Entrance
790	CELADON_CAFE	1	6	7	CELADON_CITY	25	29		X	Celadon Café	CELADON_CAFE Exit
785	CELADON_POKECENTER_1F	1	3	7	CELADON_CITY	29	9		X	Celadon Center	CELADON_POKECENTER_1F Exit
784	CELADON_MANSION_ROOF_HOUSE	1	2	7	CELADON_MANSION_ROOF	2	5		X	Celadon Curse House	CELADON_MANSION_ROOF_HOUSE Exit
161	ROUTE_16	3	3	1	ROUTE_16_FUCHSIA_SPEECH_HOUSE	2	7		E	Celadon Cut North	ROUTE_16_FUCHSIA_SPEECH_HOUSE Entrance
762	CELADON_DEPT_STORE_1F	3	7	7	CELADON_CITY	4	9		X	Celadon Dept. Store	CELADON_DEPT_STORE_1F Exit
763	CELADON_DEPT_STORE_1F	3	15	0	CELADON_DEPT_STORE_2F	15	0	Celadon Dept. Store 1F Up		Celadon Dept. Store	Celadon Dept. Store 1F Up 
765	CELADON_DEPT_STORE_2F	2	12	0	CELADON_DEPT_STORE_3F	12	0	Celadon Dept. Store 2F Up		Celadon Dept. Store	Celadon Dept. Store 2F Up 
766	CELADON_DEPT_STORE_2F	2	15	0	CELADON_DEPT_STORE_1F	15	0	Celadon Dept. Store 2F Down		Celadon Dept. Store	Celadon Dept. Store 2F Down 
767	CELADON_DEPT_STORE_3F	2	12	0	CELADON_DEPT_STORE_2F	12	0	Celadon Dept.Store 3F Down		Celadon Dept. Store	Celadon Dept.Store 3F Down 
768	CELADON_DEPT_STORE_3F	2	15	0	CELADON_DEPT_STORE_4F	15	0	Celadon Dept. Store 3F Up		Celadon Dept. Store	Celadon Dept. Store 3F Up 
769	CELADON_DEPT_STORE_4F	2	12	0	CELADON_DEPT_STORE_5F	12	0	Celadon Dept. Store 4F Up		Celadon Dept. Store	Celadon Dept. Store 4F Up 
770	CELADON_DEPT_STORE_4F	2	15	0	CELADON_DEPT_STORE_3F	15	0	Celadon Dept.Store 4F Down		Celadon Dept. Store	Celadon Dept.Store 4F Down 
771	CELADON_DEPT_STORE_5F	2	12	0	CELADON_DEPT_STORE_4F	12	0	Celadon Dept. Store 5F Down		Celadon Dept. Store	Celadon Dept. Store 5F Down 
772	CELADON_DEPT_STORE_5F	2	15	0	CELADON_DEPT_STORE_6F	15	0	Celadon Dept. Store 5F Up		Celadon Dept. Store	Celadon Dept. Store 5F Up 
773	CELADON_DEPT_STORE_6F	1	15	0	CELADON_DEPT_STORE_5F	15	0		X	Celadon Dept. Store 6F	CELADON_DEPT_STORE_6F Exit
787	CELADON_GAME_CORNER	1	14	13	CELADON_CITY	18	19		X	Celadon Game Corner	CELADON_GAME_CORNER Exit
170	CELADON_CITY	8	10	29	CELADON_GYM	4	17		E	Celadon Gym Outside	CELADON_GYM Entrance
789	CELADON_GYM	1	4	17	CELADON_CITY	10	29		X	Celadon Gym	CELADON_GYM Exit
774	CELADON_MANSION_1F	4	6	9	CELADON_CITY	16	9	Celadon Mansion Main	X	Celadon Mansion 1F	Celadon Mansion Main Exit
777	CELADON_MANSION_1F	4	7	0	CELADON_MANSION_2F	7	0	Celadon Mansion 1F Up		Celadon Mansion 1F	Celadon Mansion 1F Up 
775	CELADON_MANSION_1F	4	3	0	CELADON_CITY	16	3	Celadon Mansion Back	X	Celadon Mansion 1F Back	Celadon Mansion Back Exit
776	CELADON_MANSION_1F	4	0	0	CELADON_MANSION_2F	0	0	Celadon Mansion 1F Back Up		Celadon Mansion 1F Back	Celadon Mansion 1F Back Up 
779	CELADON_MANSION_2F	4	6	0	CELADON_MANSION_3F	6	0	Celadon Mansion 2F Up		Celadon Mansion 2F	Celadon Mansion 2F Up 
901	CELADON_MANSION_2F	4	7	0	CELADON_MANSION_1F	7	0	Celadon Mansion 2F Down		Celadon Mansion 2F	Celadon Mansion 2F Down 
778	CELADON_MANSION_2F	4	0	0	CELADON_MANSION_1F	0	0	Celadon Mansion 2F Back Down		Celadon Mansion 2F Back	Celadon Mansion 2F Back Down 
900	CELADON_MANSION_2F	4	1	0	CELADON_MANSION_3F	1	0	Celadon Mansion 2F Back Up		Celadon Mansion 2F Back	Celadon Mansion 2F Back Up 
781	CELADON_MANSION_3F	4	7	0	CELADON_MANSION_ROOF	6	1	Celadon Mansion 3F Up		Celadon Mansion 3F	Celadon Mansion 3F Up 
903	CELADON_MANSION_3F	4	6	0	CELADON_MANSION_2F	6	0	Celadon Mansion 3F Down		Celadon Mansion 3F	Celadon Mansion 3F Down 
780	CELADON_MANSION_3F	4	0	0	CELADON_MANSION_ROOF	1	1	Celadon Mansion 3F Back Up		Celadon Mansion Back 3F	Celadon Mansion 3F Back Up 
902	CELADON_MANSION_3F	4	1	0	CELADON_MANSION_2F	1	0	Celadon Mansion 3F Back Down		Celadon Mansion Back 3F	Celadon Mansion 3F Back Down 
904	CELADON_MANSION_ROOF	3	6	1	CELADON_MANSION_3F	7	0	Celadon Mansion Roof Down		Celadon Mansion Roof	Celadon Mansion Roof Down 
782	CELADON_MANSION_ROOF	3	1	1	CELADON_MANSION_3F	0	0	Celadon Mansion Roof Back Down		Celadon Mansion Roof Back	Celadon Mansion Roof Back Down 
783	CELADON_MANSION_ROOF	3	2	5	CELADON_MANSION_ROOF_HOUSE	2	7		E	Celadon Mansion Roof Back	CELADON_MANSION_ROOF_HOUSE Entrance
788	CELADON_GAME_CORNER_PRIZE_ROOM	1	2	5	CELADON_CITY	23	19		X	Celadon Prize Corner	CELADON_GAME_CORNER_PRIZE_ROOM Exit
792	ROUTE_16_GATE	2	0	4	ROUTE_16	9	6	Celadon to Route 16 Gate	X	Celadon/Cycling Road Gate	Celadon to Route 16 Gate Exit
793	ROUTE_16_GATE	2	9	4	ROUTE_16	14	6	Route 16 to Celadon Gate	X	Celadon/Cycling Road Gate	Route 16 to Celadon Gate Exit
206	ROUTE_5	3	8	17	ROUTE_5_SAFFRON_GATE	4	0	Route 5 to Saffron Gate	E	Cerulean	Route 5 to Saffron Gate Entrance
207	ROUTE_5	3	10	11	ROUTE_5_CLEANSE_TAG_HOUSE	2	7		E	Cerulean	ROUTE_5_CLEANSE_TAG_HOUSE Entrance
208	CERULEAN_CITY	6	7	15	CERULEAN_GYM_BADGE_SPEECH_HOUSE	2	7		E	Cerulean	CERULEAN_GYM_BADGE_SPEECH_HOUSE Entrance
209	CERULEAN_CITY	6	28	17	CERULEAN_POLICE_STATION	2	7		E	Cerulean	CERULEAN_POLICE_STATION Entrance
210	CERULEAN_CITY	6	13	19	CERULEAN_TRADE_SPEECH_HOUSE	2	7		E	Cerulean	CERULEAN_TRADE_SPEECH_HOUSE Entrance
211	CERULEAN_CITY	6	19	21	CERULEAN_POKECENTER_1F	3	7		E	Cerulean	CERULEAN_POKECENTER_1F Entrance
212	CERULEAN_CITY	6	30	23	CERULEAN_GYM	4	15		E	Cerulean	CERULEAN_GYM Entrance
213	CERULEAN_CITY	6	25	29	CERULEAN_MART	3	7		E	Cerulean	CERULEAN_MART Entrance
215	ROUTE_25	1	47	5	BILLS_HOUSE	2	7		E	Cerulean	BILLS_HOUSE Entrance
590	CERULEAN_POLICE_STATION	1	2	7	CERULEAN_CITY	28	17		X	Cerulean Dig House	CERULEAN_POLICE_STATION Exit
593	CERULEAN_GYM	1	4	15	CERULEAN_CITY	30	23		X	Cerulean Gym	CERULEAN_GYM Exit
589	CERULEAN_GYM_BADGE_SPEECH_HOUSE	1	2	7	CERULEAN_CITY	7	15		X	Cerulean Gym Badge House	CERULEAN_GYM_BADGE_SPEECH_HOUSE Exit
594	CERULEAN_MART	1	2	7	CERULEAN_CITY	25	29		X	Cerulean Mart	CERULEAN_MART Exit
592	CERULEAN_POKECENTER_1F	1	3	7	CERULEAN_CITY	19	21		X	Cerulean Pokecenter	CERULEAN_POKECENTER_1F Exit
205	ROUTE_5	3	17	15	ROUTE_5_UNDERGROUND_PATH_ENTRANCE	3	7		E	Cerulean Power	ROUTE_5_UNDERGROUND_PATH_ENTRANCE Entrance
591	CERULEAN_TRADE_SPEECH_HOUSE	1	2	7	CERULEAN_CITY	13	19		X	Cerulean Trade Speech House	CERULEAN_TRADE_SPEECH_HOUSE Exit
600	CHARCOAL_KILN	1	2	7	AZALEA_TOWN	21	13		X	Charcoal Kiln	CHARCOAL_KILN Exit
5	CHERRYGROVE_CITY	5	23	3	CHERRYGROVE_MART	3	7		E	Cherrygove	CHERRYGROVE_MART Entrance
6	CHERRYGROVE_CITY	5	29	3	CHERRYGROVE_POKECENTER_1F	3	7		E	Cherrygove	CHERRYGROVE_POKECENTER_1F Entrance
7	CHERRYGROVE_CITY	5	17	7	CHERRYGROVE_GYM_SPEECH_HOUSE	2	7	Cherrygrove West House	E	Cherrygove	Cherrygrove West House Entrance
8	CHERRYGROVE_CITY	5	25	9	GUIDE_GENTS_HOUSE	2	7		E	Cherrygove	GUIDE_GENTS_HOUSE Entrance
9	CHERRYGROVE_CITY	5	31	11	CHERRYGROVE_EVOLUTION_SPEECH_HOUSE	2	7	Cherrygrove East House	E	Cherrygove	Cherrygrove East House Entrance
94	ROUTE_29	1	27	1	ROUTE_29_ROUTE_46_GATE	4	7	Route 29 to Route 46 Gate	E	Cherrygove	Route 29 to Route 46 Gate Entrance
95	ROUTE_30	2	7	39	ROUTE_30_BERRY_HOUSE	2	7		E	Cherrygove	ROUTE_30_BERRY_HOUSE Entrance
96	ROUTE_30	2	17	5	MR_POKEMONS_HOUSE	2	7		E	Cherrygove	MR_POKEMONS_HOUSE Entrance
889	CHERRYGROVE_POKECENTER_1F	1	3	7	CHERRYGROVE_CITY	29	3		X	Cherrygrove Center	CHERRYGROVE_POKECENTER_1F Exit
892	CHERRYGROVE_EVOLUTION_SPEECH_HOUSE	1	2	7	CHERRYGROVE_CITY	31	11		X	Cherrygrove Evolution House	CHERRYGROVE_EVOLUTION_SPEECH_HOUSE Exit
891	GUIDE_GENTS_HOUSE	1	2	7	CHERRYGROVE_CITY	25	9		X	Cherrygrove Guide House	GUIDE_GENTS_HOUSE Exit
890	CHERRYGROVE_GYM_SPEECH_HOUSE	1	2	7	CHERRYGROVE_CITY	17	7		X	Cherrygrove Gym House	CHERRYGROVE_GYM_SPEECH_HOUSE Exit
888	CHERRYGROVE_MART	1	2	7	CHERRYGROVE_CITY	23	3		X	Cherrygrove Mart	CHERRYGROVE_MART Exit
25	CIANWOOD_CITY	7	17	41	MANIAS_HOUSE	2	7	Shuckle House	e	Cianwood	Shuckle House Entrance
26	CIANWOOD_CITY	7	8	43	CIANWOOD_GYM	4	17		E	Cianwood	CIANWOOD_GYM Entrance
27	CIANWOOD_CITY	7	23	43	CIANWOOD_POKECENTER_1F	3	7		E	Cianwood	CIANWOOD_POKECENTER_1F Entrance
28	CIANWOOD_CITY	7	15	47	CIANWOOD_PHARMACY	2	7		E	Cianwood	CIANWOOD_PHARMACY Entrance
29	CIANWOOD_CITY	7	9	31	CIANWOOD_PHOTO_STUDIO	2	7		E	Cianwood	CIANWOOD_PHOTO_STUDIO Entrance
30	CIANWOOD_CITY	7	15	37	CIANWOOD_LUGIA_SPEECH_HOUSE	2	7		E	Cianwood	CIANWOOD_LUGIA_SPEECH_HOUSE Entrance
31	CIANWOOD_CITY	7	5	17	POKE_SEERS_HOUSE	2	7		E	Cianwood	POKE_SEERS_HOUSE Entrance
800	CIANWOOD_POKECENTER_1F	1	3	7	CIANWOOD_CITY	23	43		X	Cianwood Center	CIANWOOD_POKECENTER_1F Exit
799	CIANWOOD_GYM	1	4	17	CIANWOOD_CITY	8	43		X	Cianwood Gym	CIANWOOD_GYM Exit
803	CIANWOOD_LUGIA_SPEECH_HOUSE	1	2	7	CIANWOOD_CITY	15	37		X	Cianwood Lugia House	CIANWOOD_LUGIA_SPEECH_HOUSE Exit
801	CIANWOOD_PHARMACY	1	2	7	CIANWOOD_CITY	15	47		X	Cianwood Pharmacy	CIANWOOD_PHARMACY Exit
802	CIANWOOD_PHOTO_STUDIO	1	2	7	CIANWOOD_CITY	9	31	Cianwood Photo House	X	Cianwood Photo House	Cianwood Photo House Exit
804	POKE_SEERS_HOUSE	1	2	7	CIANWOOD_CITY	5	17		X	Cianwood Seers House	POKE_SEERS_HOUSE Exit
147	CINNABAR_ISLAND	1	11	11	CINNABAR_POKECENTER_1F	3	7		E	Cinnabar Island	CINNABAR_POKECENTER_1F Entrance
584	CINNABAR_POKECENTER_1F	1	3	7	CINNABAR_ISLAND	11	11		X	Cinnabar Pokecenter	CINNABAR_POKECENTER_1F Exit
880	COPYCATS_HOUSE_1F	2	2	7	SAFFRON_CITY	9	11		X	Copycats House	COPYCATS_HOUSE_1F Exit
881	COPYCATS_HOUSE_1F	2	2	0	COPYCATS_HOUSE_2F	3	0	Copycats Room	E	Copycats House	Copycats Room Entrance
882	COPYCATS_HOUSE_2F	1	3	0	COPYCATS_HOUSE_1F	2	0	Copycats House 2F Down	X	Copycats House 2F	Copycats House 2F Down Exit
160	ROUTE_17	1	17	82	ROUTE_17_ROUTE_18_GATE	0	4	Route 17 to Route 18 Gate	E	Cycling Road	Route 17 to Route 18 Gate Entrance
162	ROUTE_16	3	14	6	ROUTE_16_GATE	9	4	Route 16 to Celadon Gate	E	Cycling Road	Route 16 to Celadon Gate Entrance
564	DANCE_THEATRE	1	5	13	ECRUTEAK_CITY	23	21		X	Dance Theater	DANCE_THEATRE Exit
488	DARK_CAVE_BLACKTHORN_ENTRANCE	2	23	3	ROUTE_45	2	5	Dark Cave North	X	Dark Cave North	Dark Cave North Exit
489	DARK_CAVE_BLACKTHORN_ENTRANCE	2	3	25	DARK_CAVE_VIOLET_ENTRANCE	17	1	Dark Cave North to South		Dark Cave North Block	Dark Cave North to South 
487	DARK_CAVE_VIOLET_ENTRANCE	3	35	33	ROUTE_46	14	5	Dark Cave Route 46	X	Dark Cave Route 46	Dark Cave Route 46 Exit
485	DARK_CAVE_VIOLET_ENTRANCE	3	3	15	ROUTE_31	34	5	Dark Cave Violet	X	Dark Cave Violet	Dark Cave Violet Exit
486	DARK_CAVE_VIOLET_ENTRANCE	3	17	1	DARK_CAVE_BLACKTHORN_ENTRANCE	3	25	Dark Cave Blackthorn Passage		Dark Cave Violet to Blackthorn	Dark Cave Blackthorn Passage 
156	FUCHSIA_CITY	9	18	3	SAFARI_ZONE_FUCHSIA_GATE_BETA	4	7	X		X	X 
105	ROUTE_34	3	13	15	DAY_CARE	2	7	Day Care Pokemon	E	Day Care Outside	Day Care Pokemon Entrance
658	DAY_CARE	2	0	5	ROUTE_34	11	14	Daycare to Route	X	Daycare	Daycare to Route Exit
659	DAY_CARE	2	2	7	ROUTE_34	13	15	Daycare to Pokemon		Daycare	Daycare to Pokemon 
521	DIGLETTS_CAVE	6	17	33	DIGLETTS_CAVE	5	31	Digletts Cave Ladder Vermilion		Digletts Cave Main	Digletts Cave Ladder Vermilion 
522	DIGLETTS_CAVE	6	3	3	DIGLETTS_CAVE	17	3	Digletts Cave Ladder Route 2		Digletts Cave Main	Digletts Cave Ladder Route 2 
519	DIGLETTS_CAVE	6	15	5	ROUTE_2	12	7	Digletts Cave Route 2	X	Digletts Cave Route 2 Side	Digletts Cave Route 2 Exit
520	DIGLETTS_CAVE	6	17	3	DIGLETTS_CAVE	3	3	Digletts Cave Route 2 Side		Digletts Cave Route 2 Side	Digletts Cave Route 2 Side 
517	DIGLETTS_CAVE	6	3	33	VERMILION_CITY	34	7	Digletts Cave Vermilion	X	Digletts Cave Vermilion Side	Digletts Cave Vermilion Exit
518	DIGLETTS_CAVE	6	5	31	DIGLETTS_CAVE	17	33	Digletts Cave Vermilion Side		Digletts Cave Vermilion Side	Digletts Cave Vermilion Side 
496	DRAGON_SHRINE	1	4	9	DRAGONS_DEN_B1F	19	29		X	Dragon Shrine	DRAGON_SHRINE Exit
494	DRAGONS_DEN_B1F	2	20	3	DRAGONS_DEN_1F	5	15	Dragons Den Main	X	Dragons Den	Dragons Den Main Exit
490	DRAGONS_DEN_1F	4	3	5	BLACKTHORN_CITY	20	1		X	Dragons Den Hall 1	DRAGONS_DEN_1F Exit
491	DRAGONS_DEN_1F	4	3	3	DRAGONS_DEN_1F	5	13	Dragons Den Hall 1 Ladder Down		Dragons Den Hall 1	Dragons Den Hall 1 Ladder Down 
492	DRAGONS_DEN_1F	4	5	15	DRAGONS_DEN_B1F	20	3	Dragons Den Main	E	Dragons Den Hall 2	Dragons Den Main Entrance
493	DRAGONS_DEN_1F	4	5	13	DRAGONS_DEN_1F	3	3	Dragons Den Hall 2 Ladder Up		Dragons Den Hall 2	Dragons Den Hall 2 Ladder Up 
495	DRAGONS_DEN_B1F	2	19	29	DRAGON_SHRINE	4	9			Dragons Den Shrine	DRAGON_SHRINE 
173	ROUTE_15	1	2	4	ROUTE_15_FUCHSIA_GATE	9	4	Route 15 to Fuschia Gate	E	East Kanto	Route 15 to Fuschia Gate Entrance
174	ROUTE_12	1	11	33	ROUTE_12_SUPER_ROD_HOUSE	2	7		E	East Kanto	ROUTE_12_SUPER_ROD_HOUSE Entrance
175	LAVENDER_TOWN	7	5	5	LAVENDER_POKECENTER_1F	3	7		E	East Kanto	LAVENDER_POKECENTER_1F Entrance
176	LAVENDER_TOWN	7	5	9	MR_FUJIS_HOUSE	2	7		E	East Kanto	MR_FUJIS_HOUSE Entrance
177	LAVENDER_TOWN	7	3	13	LAVENDER_SPEECH_HOUSE	2	7		E	East Kanto	LAVENDER_SPEECH_HOUSE Entrance
178	LAVENDER_TOWN	7	7	13	LAVENDER_NAME_RATER	2	7		E	East Kanto	LAVENDER_NAME_RATER Entrance
179	LAVENDER_TOWN	7	1	5	LAVENDER_MART	3	7		E	East Kanto	LAVENDER_MART Entrance
180	LAVENDER_TOWN	7	13	11	SOUL_HOUSE	4	7		E	East Kanto	SOUL_HOUSE Entrance
181	LAVENDER_TOWN	7	14	5	LAV_RADIO_TOWER_1F	2	7		E	East Kanto	LAV_RADIO_TOWER_1F Entrance
57	ECRUTEAK_CITY	12	35	26	ROUTE_42_ECRUTEAK_GATE	0	4	Ecruteak East to Route 42 Gate	E	Ecruteak	Ecruteak East to Route 42 Gate Entrance
58	ECRUTEAK_CITY	12	18	11	ECRUTEAK_TIN_TOWER_ENTRANCE	4	17		E	Ecruteak	ECRUTEAK_TIN_TOWER_ENTRANCE Entrance
59	ECRUTEAK_CITY	12	20	2	WISE_TRIOS_ROOM	7	4		E	Ecruteak	WISE_TRIOS_ROOM Entrance
60	ECRUTEAK_CITY	12	23	27	ECRUTEAK_POKECENTER_1F	3	7		E	Ecruteak	ECRUTEAK_POKECENTER_1F Entrance
61	ECRUTEAK_CITY	12	5	21	ECRUTEAK_LUGIA_SPEECH_HOUSE	3	7		E	Ecruteak	ECRUTEAK_LUGIA_SPEECH_HOUSE Entrance
62	ECRUTEAK_CITY	12	23	21	DANCE_THEATRE	5	13		E	Ecruteak	DANCE_THEATRE Entrance
63	ECRUTEAK_CITY	12	29	21	ECRUTEAK_MART	3	7		E	Ecruteak	ECRUTEAK_MART Entrance
64	ECRUTEAK_CITY	12	6	27	ECRUTEAK_GYM	4	17		E	Ecruteak	ECRUTEAK_GYM Entrance
65	ECRUTEAK_CITY	12	13	27	ECRUTEAK_ITEMFINDER_HOUSE	3	7		E	Ecruteak	ECRUTEAK_ITEMFINDER_HOUSE Entrance
66	ECRUTEAK_CITY	12	37	7	TIN_TOWER_1F	9	15		E	Ecruteak	TIN_TOWER_1F Entrance
67	ECRUTEAK_CITY	12	5	5	BURNED_TOWER_1F	9	15		E	Ecruteak	BURNED_TOWER_1F Entrance
68	ECRUTEAK_CITY	12	0	18	ROUTE_38_ECRUTEAK_GATE	9	4	Ecruteak West to Route 38 Gate	E	Ecruteak	Ecruteak West to Route 38 Gate Entrance
562	ECRUTEAK_POKECENTER_1F	1	3	7	ECRUTEAK_CITY	23	27		X	Ecruteak Center	ECRUTEAK_POKECENTER_1F Exit
566	ECRUTEAK_GYM	3	4	17	ECRUTEAK_CITY	6	27		X	Ecruteak Gym	ECRUTEAK_GYM Exit
569	ECRUTEAK_ITEMFINDER_HOUSE	1	3	7	ECRUTEAK_CITY	13	27		X	Ecruteak Itemfinder House	ECRUTEAK_ITEMFINDER_HOUSE Exit
563	ECRUTEAK_LUGIA_SPEECH_HOUSE	1	3	7	ECRUTEAK_CITY	5	21		X	Ecruteak Lugia House	ECRUTEAK_LUGIA_SPEECH_HOUSE Exit
565	ECRUTEAK_MART	1	2	7	ECRUTEAK_CITY	29	21		X	Ecruteak Mart	ECRUTEAK_MART Exit
508	ROUTE_38_ECRUTEAK_GATE	2	0	4	ROUTE_38	35	8	Route 38 Exit from Ecruteak		Ecruteak/Route 38 Gate	Route 38 Exit from Ecruteak 
509	ROUTE_38_ECRUTEAK_GATE	2	9	4	ECRUTEAK_CITY	0	18	Ecruteak Exit from Route 38		Ecruteak/Route 38 Gate	Ecruteak Exit from Route 38 
515	ROUTE_42_ECRUTEAK_GATE	2	0	4	ECRUTEAK_CITY	35	26	Ecruteak Exit from Route 42		Ecruteak/Route 42 Gate	Ecruteak Exit from Route 42 
516	ROUTE_42_ECRUTEAK_GATE	2	9	4	ROUTE_42	0	8	Route 42 Exit from Ecruteak		Ecruteak/Route 42 Gate	Route 42 Exit from Ecruteak 
834	ELMS_HOUSE	1	2	7	NEW_BARK_TOWN	11	13		X	Elms House	ELMS_HOUSE Exit
829	ELMS_LAB	1	4	11	NEW_BARK_TOWN	6	3		X	Elms Lab	ELMS_LAB Exit
306	RUINS_OF_ALPH_KABUTO_CHAMBER	3	3	9	RUINS_OF_ALPH_OUTSIDE	14	7	Escape Rope Chamber	X	Escape Rope Chamber	Escape Rope Chamber Exit
308	RUINS_OF_ALPH_KABUTO_CHAMBER	3	4	0	RUINS_OF_ALPH_KABUTO_ITEM_ROOM	3	9		E	Escape Rope Had	RUINS_OF_ALPH_KABUTO_ITEM_ROOM Entrance
323	RUINS_OF_ALPH_KABUTO_ITEM_ROOM	2	3	9	RUINS_OF_ALPH_KABUTO_CHAMBER	4	0	Escape Rope Item Room	X	Escape Rope Item Room	Escape Rope Item Room Exit
663	POKEMON_FAN_CLUB	1	2	7	VERMILION_CITY	7	13		X	Fan Club	POKEMON_FAN_CLUB Exit
511	ROUTE_39_FARMHOUSE	1	2	7	ROUTE_39	5	3	Farmhouse	X	Farmhouse	Farmhouse Exit
686	FAST_SHIP_1F	11	27	8	FAST_SHIP_CABINS_NNW_NNE_NE	2	0	Top Far Right Ship Room	E	Fast Ship	Top Far Right Ship Room Entrance
687	FAST_SHIP_1F	11	23	8	FAST_SHIP_CABINS_NNW_NNE_NE	2	12	Top Right Ship Room	E	Fast Ship	Top Right Ship Room Entrance
688	FAST_SHIP_1F	11	19	8	FAST_SHIP_CABINS_NNW_NNE_NE	2	24	Top Left Ship Room	E	Fast Ship	Top Left Ship Room Entrance
689	FAST_SHIP_1F	11	15	8	FAST_SHIP_CABINS_SW_SSW_NW	2	0	Top Far Left Ship Room	E	Fast Ship	Top Far Left Ship Room Entrance
690	FAST_SHIP_1F	11	15	15	FAST_SHIP_CABINS_SW_SSW_NW	2	19	Bottom Far Left Ship Room	E	Fast Ship	Bottom Far Left Ship Room Entrance
691	FAST_SHIP_1F	11	19	15	FAST_SHIP_CABINS_SW_SSW_NW	2	31	Bottom Left Ship Room	E	Fast Ship	Bottom Left Ship Room Entrance
692	FAST_SHIP_1F	11	23	15	FAST_SHIP_CABINS_SE_SSE_CAPTAINS_CABIN	2	7	Bottom Right Ship Room	E	Fast Ship	Bottom Right Ship Room Entrance
693	FAST_SHIP_1F	11	27	15	FAST_SHIP_CABINS_SE_SSE_CAPTAINS_CABIN	2	19	Bottom Far Right Ship Room	E	Fast Ship	Bottom Far Right Ship Room Entrance
696	FAST_SHIP_1F	11	30	14	FAST_SHIP_B1F	31	13	Fast Ship 1F Down		Fast Ship	Fast Ship 1F Down 
707	FAST_SHIP_B1F	2	31	13	FAST_SHIP_1F	30	14	Fast Ship Ladder East		Fast Ship B1F East	Fast Ship Ladder East 
706	FAST_SHIP_B1F	2	5	11	FAST_SHIP_1F	6	12	Fast Ship Ladder West		Fast Ship B1F West	Fast Ship Ladder West 
840	FIGHTING_DOJO	1	4	11	SAFFRON_CITY	26	3		X	Fighting Dojo	FIGHTING_DOJO Exit
312	RUINS_OF_ALPH_AERODACTYL_CHAMBER	3	3	9	RUINS_OF_ALPH_OUTSIDE	16	33	Flash Chamber	X	Flash Chamber	Flash Chamber Exit
314	RUINS_OF_ALPH_AERODACTYL_CHAMBER	3	4	0	RUINS_OF_ALPH_AERODACTYL_ITEM_ROOM	3	9	Flash Have	E	Flash Have	Flash Have Entrance
327	RUINS_OF_ALPH_AERODACTYL_ITEM_ROOM	2	3	9	RUINS_OF_ALPH_AERODACTYL_CHAMBER	4	0	Flash Item Room	X	Flash Item Room	Flash Item Room Exit
634	GOLDENROD_FLOWER_SHOP	1	2	7	GOLDENROD_CITY	29	5		X	Flower Shop	GOLDENROD_FLOWER_SHOP Exit
150	FUCHSIA_CITY	9	5	13	FUCHSIA_MART	3	7		E	Fuchsia	FUCHSIA_MART Entrance
151	FUCHSIA_CITY	9	22	13	SAFARI_ZONE_MAIN_OFFICE	2	7		E	Fuchsia	SAFARI_ZONE_MAIN_OFFICE Entrance
152	FUCHSIA_CITY	9	8	27	FUCHSIA_GYM	4	17		E	Fuchsia	FUCHSIA_GYM Entrance
153	FUCHSIA_CITY	9	11	27	BILLS_BROTHERS_HOUSE	2	7		E	Fuchsia	BILLS_BROTHERS_HOUSE Entrance
154	FUCHSIA_CITY	9	19	27	FUCHSIA_POKECENTER_1F	3	7		E	Fuchsia	FUCHSIA_POKECENTER_1F Entrance
155	FUCHSIA_CITY	9	27	27	SAFARI_ZONE_WARDENS_HOME	2	7		E	Fuchsia	SAFARI_ZONE_WARDENS_HOME Entrance
157	FUCHSIA_CITY	9	37	22	ROUTE_15_FUCHSIA_GATE	0	4	Fuchsia To Route 15 Gate	E	Fuchsia	Fuchsia To Route 15 Gate Entrance
158	FUCHSIA_CITY	9	7	35	ROUTE_19_FUCHSIA_GATE	4	0	Fuchsia To Route 19 Gate	E	Fuchsia	Fuchsia To Route 19 Gate Entrance
159	ROUTE_18	1	2	6	ROUTE_17_ROUTE_18_GATE	9	4	Route 18 to Route 17 Gate	E	Fuchsia	Route 18 to Route 17 Gate Entrance
737	BILLS_BROTHERS_HOUSE	1	2	7	FUCHSIA_CITY	11	27		X	Fuchsia Bills Brothers House	BILLS_BROTHERS_HOUSE Exit
738	FUCHSIA_POKECENTER_1F	1	3	7	FUCHSIA_CITY	19	27		X	Fuchsia Center	FUCHSIA_POKECENTER_1F Exit
736	FUCHSIA_GYM	1	4	17	FUCHSIA_CITY	8	27		X	Fuchsia Gym	FUCHSIA_GYM Exit
734	FUCHSIA_MART	1	2	7	FUCHSIA_CITY	5	13		X	Fuchsia Mart	FUCHSIA_MART Exit
741	ROUTE_15_FUCHSIA_GATE	2	0	4	FUCHSIA_CITY	37	22	Route 15 to Fuschia Gate	X	Fuchsia/Route 15 Gate	Route 15 to Fuschia Gate Exit
742	ROUTE_15_FUCHSIA_GATE	2	9	4	ROUTE_15	2	4	Fuschia to Route 15	X	Fuchsia/Route 15 Gate	Fuschia to Route 15 Exit
586	ROUTE_19_FUCHSIA_GATE	2	4	0	FUCHSIA_CITY	7	35	Fuschia Exit from Route 19		Fucshia/Route 19 Gate	Fuschia Exit from Route 19 
587	ROUTE_19_FUCHSIA_GATE	2	4	7	ROUTE_19	7	3	Route 19 Exit from Fuschia 		Fucshia/Route 19 Gate	Route 19 Exit from Fuschia  
745	MR_FUJIS_HOUSE	1	2	7	LAVENDER_TOWN	5	9		X	Fujis House	MR_FUJIS_HOUSE Exit
796	ROUTE_17_ROUTE_18_GATE	2	0	4	ROUTE_17	17	82	Route 18 to Route 17 Gate	X	Fuschia/Cycling Road Gate	Route 18 to Route 17 Gate Exit
797	ROUTE_17_ROUTE_18_GATE	2	9	4	ROUTE_18	2	6	Route 17 to Route 18 Gate	X	Fuschia/Cycling Road Gate	Route 17 to Route 18 Gate Exit
379	TEAM_ROCKET_BASE_B2F	5	3	14	TEAM_ROCKET_BASE_B1F	3	14	Generator Passage Ladder Up		Generator Passage	Generator Passage Ladder Up 
383	TEAM_ROCKET_BASE_B2F	5	27	14	TEAM_ROCKET_BASE_B3F	27	14	Generator Passage Ladder Down		Generator Passage	Generator Passage Ladder Down 
32	GOLDENROD_CITY	15	24	7	GOLDENROD_GYM	2	17		E	Goldenrod	GOLDENROD_GYM Entrance
33	GOLDENROD_CITY	15	29	29	GOLDENROD_BIKE_SHOP	2	7		E	Goldenrod	GOLDENROD_BIKE_SHOP Entrance
34	GOLDENROD_CITY	15	31	21	GOLDENROD_HAPPINESS_RATER	2	7		E	Goldenrod	GOLDENROD_HAPPINESS_RATER Entrance
36	GOLDENROD_CITY	15	9	13	GOLDENROD_MAGNET_TRAIN_STATION	9	17		E	Goldenrod	GOLDENROD_MAGNET_TRAIN_STATION Entrance
37	GOLDENROD_CITY	15	29	5	GOLDENROD_FLOWER_SHOP	2	7		E	Goldenrod	GOLDENROD_FLOWER_SHOP Entrance
38	GOLDENROD_CITY	15	33	9	GOLDENROD_PP_SPEECH_HOUSE	2	7		E	Goldenrod	GOLDENROD_PP_SPEECH_HOUSE Entrance
39	GOLDENROD_CITY	15	15	7	GOLDENROD_NAME_RATER	2	7		E	Goldenrod	GOLDENROD_NAME_RATER Entrance
40	GOLDENROD_CITY	15	24	27	GOLDENROD_DEPT_STORE_1F	7	7		E	Goldenrod	GOLDENROD_DEPT_STORE_1F Entrance
42	GOLDENROD_CITY	15	5	15	RADIO_TOWER_1F	2	7		E	Goldenrod	RADIO_TOWER_1F Entrance
43	GOLDENROD_CITY	15	19	1	ROUTE_35_GOLDENROD_GATE	4	7	Goldenrod North To Route 35 Gate	E	Goldenrod	Goldenrod North To Route 35 Gate Entrance
44	GOLDENROD_CITY	15	9	5	GOLDENROD_UNDERGROUND_SWITCH_ROOM_ENTRANCES	20	29	Goldenrod Underground North	E	Goldenrod	Goldenrod Underground North Entrance
46	GOLDENROD_CITY	15	15	27	GOLDENROD_POKECENTER_1F	3	7		E	Goldenrod	GOLDENROD_POKECENTER_1F Entrance
103	ROUTE_34	3	13	37	ROUTE_34_ILEX_FOREST_GATE	4	0	Route 34 to Ilex Gate	E	Goldenrod	Route 34 to Ilex Gate Entrance
104	ROUTE_34	3	11	14	DAY_CARE	0	5	Route 34 Daycare	E	Goldenrod	Route 34 Daycare Entrance
628	GOLDENROD_BIKE_SHOP	1	2	7	GOLDENROD_CITY	29	29		X	Goldenrod Bike Shop	GOLDENROD_BIKE_SHOP Exit
651	GOLDENROD_POKECENTER_1F	2	3	7	GOLDENROD_CITY	15	27		X	Goldenrod Center	GOLDENROD_POKECENTER_1F Exit
637	GOLDENROD_DEPT_STORE_1F	2	7	7	GOLDENROD_CITY	24	27	Goldenrod Dept. Store	X	Goldenrod Dept. Store	Goldenrod Dept. Store Exit
638	GOLDENROD_DEPT_STORE_1F	2	15	0	GOLDENROD_DEPT_STORE_2F	15	0	Goldenrod Dept. Store 1F Up		Goldenrod Dept. Store	Goldenrod Dept. Store 1F Up 
639	GOLDENROD_DEPT_STORE_2F	2	12	0	GOLDENROD_DEPT_STORE_3F	12	0	Goldenrod Dept. Store 2F Up		Goldenrod Dept. Store	Goldenrod Dept. Store 2F Up 
640	GOLDENROD_DEPT_STORE_2F	2	15	0	GOLDENROD_DEPT_STORE_1F	15	0	Goldenrod Dept. Store 2F Down		Goldenrod Dept. Store	Goldenrod Dept. Store 2F Down 
268	BURNED_TOWER_1F	6	10	9	BURNED_TOWER_B1F	10	9	X			X 
269	BURNED_TOWER_1F	6	15	4	BURNED_TOWER_B1F	17	7	X			X 
270	BURNED_TOWER_1F	6	5	14	BURNED_TOWER_B1F	3	13	X			X 
271	BURNED_TOWER_1F	6	14	14	BURNED_TOWER_B1F	17	14	X			X 
641	GOLDENROD_DEPT_STORE_3F	2	12	0	GOLDENROD_DEPT_STORE_2F	12	0	Goldenrod Dept. Store 3F Down		Goldenrod Dept. Store	Goldenrod Dept. Store 3F Down 
273	BURNED_TOWER_B1F	5	10	9	BURNED_TOWER_1F	10	9	X			X 
274	BURNED_TOWER_B1F	5	17	7	BURNED_TOWER_1F	15	4	X			X 
275	BURNED_TOWER_B1F	5	3	13	BURNED_TOWER_1F	5	14	X			X 
276	BURNED_TOWER_B1F	5	17	14	BURNED_TOWER_1F	14	14	X			X 
642	GOLDENROD_DEPT_STORE_3F	2	15	0	GOLDENROD_DEPT_STORE_4F	15	0	Goldenrod Dept. Store 3F Up		Goldenrod Dept. Store	Goldenrod Dept. Store 3F Up 
643	GOLDENROD_DEPT_STORE_4F	2	12	0	GOLDENROD_DEPT_STORE_5F	12	0	Goldenrod Dept. Store 4F Up		Goldenrod Dept. Store	Goldenrod Dept. Store 4F Up 
644	GOLDENROD_DEPT_STORE_4F	2	15	0	GOLDENROD_DEPT_STORE_3F	15	0	Goldenrod Dept. Store 4F Down		Goldenrod Dept. Store	Goldenrod Dept. Store 4F Down 
645	GOLDENROD_DEPT_STORE_5F	2	12	0	GOLDENROD_DEPT_STORE_4F	12	0	Goldenrod Dept. Store 5F Down		Goldenrod Dept. Store	Goldenrod Dept. Store 5F Down 
646	GOLDENROD_DEPT_STORE_5F	2	15	0	GOLDENROD_DEPT_STORE_6F	15	0	Goldenrod Dept. Store 5F Up		Goldenrod Dept. Store	Goldenrod Dept. Store 5F Up 
647	GOLDENROD_DEPT_STORE_6F	2	15	0	GOLDENROD_DEPT_STORE_5F	15	0	Goldenrod Dept. Store 6F Up		Goldenrod Dept. Store	Goldenrod Dept. Store 6F Up 
648	GOLDENROD_DEPT_STORE_6F	2	13	0	GOLDENROD_DEPT_STORE_ROOF	13	1	Goldenrod Dept. Store 6F Down		Goldenrod Dept. Store	Goldenrod Dept. Store 6F Down 
401	GOLDENROD_DEPT_STORE_B1F	2	17	2	GOLDENROD_UNDERGROUND_WAREHOUSE	17	2	Goldenrod Warehouse From Dept. Store		Goldenrod Dept. Store Basement Door	Goldenrod Warehouse From Dept. Store 
404	GOLDENROD_UNDERGROUND_WAREHOUSE	2	17	2	GOLDENROD_DEPT_STORE_B1F	17	2	Goldenrod Warehouse to Dept. Store		Goldenrod Warehouse	Goldenrod Warehouse to Dept. Store 
649	GOLDENROD_DEPT_STORE_ROOF	1	13	1	GOLDENROD_DEPT_STORE_6F	13	0		X	Goldenrod Dept. Store Roof	GOLDENROD_DEPT_STORE_ROOF Exit
650	GOLDENROD_GAME_CORNER	1	2	13	GOLDENROD_CITY	14	21		X	Goldenrod Game Corner	GOLDENROD_GAME_CORNER Exit
627	GOLDENROD_GYM	1	2	17	GOLDENROD_CITY	24	7		X	Goldenrod Gym	GOLDENROD_GYM Exit
629	GOLDENROD_HAPPINESS_RATER	1	2	7	GOLDENROD_CITY	31	21	Goldenrod Happiness House	X	Goldenrod Happiness House	Goldenrod Happiness House Exit
636	GOLDENROD_NAME_RATER	1	2	7	GOLDENROD_CITY	15	7		X	Goldenrod Name Rater	GOLDENROD_NAME_RATER Exit
635	GOLDENROD_PP_SPEECH_HOUSE	1	2	7	GOLDENROD_CITY	33	9		X	Goldenrod PP House	GOLDENROD_PP_SPEECH_HOUSE Exit
35	GOLDENROD_CITY	15	5	25	BILLS_FAMILYS_HOUSE	2	7		E	Goldenrod Rocket Corner Block	BILLS_FAMILYS_HOUSE Entrance
41	GOLDENROD_CITY	15	14	21	GOLDENROD_GAME_CORNER	2	13		E	Goldenrod Rocket Corner Block	GOLDENROD_GAME_CORNER Entrance
45	GOLDENROD_CITY	15	11	29	GOLDENROD_UNDERGROUND_SWITCH_ROOM_ENTRANCES	4	29	Goldenrod Underground South	E	Goldenrod Rocket Corner Block	Goldenrod Underground South Entrance
631	GOLDENROD_MAGNET_TRAIN_STATION	3	8	17	GOLDENROD_CITY	9	13		X	Goldenrod Station	GOLDENROD_MAGNET_TRAIN_STATION Exit
390	GOLDENROD_UNDERGROUND	5	3	2	GOLDENROD_UNDERGROUND_SWITCH_ROOM_ENTRANCES	21	25	Goldenrod Underground North	X	Goldenrod Underground	Goldenrod Underground North Exit
391	GOLDENROD_UNDERGROUND	5	3	34	GOLDENROD_UNDERGROUND_SWITCH_ROOM_ENTRANCES	5	25	Goldenrod Underground South	X	Goldenrod Underground	Goldenrod Underground South Exit
392	GOLDENROD_UNDERGROUND	5	18	6	GOLDENROD_UNDERGROUND	21	31	Goldenrod Underground Basement Key		Goldenrod Underground Basement Key	Goldenrod Underground Basement Key 
393	GOLDENROD_UNDERGROUND	5	21	31	GOLDENROD_UNDERGROUND	18	6	Basement Passage Carpet		Goldenrod Underground Basement Passage	Basement Passage Carpet 
394	GOLDENROD_UNDERGROUND	5	22	27	GOLDENROD_UNDERGROUND_SWITCH_ROOM_ENTRANCES	23	3	Basement Passage Stairs		Goldenrod Underground Basement Passage	Basement Passage Stairs 
398	GOLDENROD_UNDERGROUND_SWITCH_ROOM_ENTRANCES	6	4	29	GOLDENROD_CITY	11	29	Goldenrod Underground North Hall Carpet	E	Goldenrod Underground North Hall	Goldenrod Underground North Hall Carpet Entrance
399	GOLDENROD_UNDERGROUND_SWITCH_ROOM_ENTRANCES	6	21	25	GOLDENROD_UNDERGROUND	3	2	Goldenrod Underground South Hall Stairs		Goldenrod Underground South Hall	Goldenrod Underground South Hall Stairs 
400	GOLDENROD_UNDERGROUND_SWITCH_ROOM_ENTRANCES	6	20	29	GOLDENROD_CITY	9	5	Goldenrod Underground South Hall Carpet		Goldenrod Underground South Hall	Goldenrod Underground South Hall Carpet 
304	RUINS_OF_ALPH_HO_OH_CHAMBER	3	3	3	RUINS_OF_ALPH_INNER_CHAMBER	3	15	X			X 
395	GOLDENROD_UNDERGROUND_SWITCH_ROOM_ENTRANCES	6	23	3	GOLDENROD_UNDERGROUND	22	27	Underground Switch Room	X	Goldenrod Underground Switch Room	Underground Switch Room Exit
396	GOLDENROD_UNDERGROUND_SWITCH_ROOM_ENTRANCES	6	22	10	GOLDENROD_UNDERGROUND_WAREHOUSE	2	12	Warehouse	E	Goldenrod Underground Switch Room	Warehouse Entrance
307	RUINS_OF_ALPH_KABUTO_CHAMBER	3	3	3	RUINS_OF_ALPH_INNER_CHAMBER	15	3	X			X 
397	GOLDENROD_UNDERGROUND_SWITCH_ROOM_ENTRANCES	6	5	25	GOLDENROD_UNDERGROUND	3	34	Goldenrod Underground North Hall Ladder		Goldenrod Underground Switch Room	Goldenrod Underground North Hall Ladder 
403	GOLDENROD_UNDERGROUND_WAREHOUSE	2	2	12	GOLDENROD_UNDERGROUND_SWITCH_ROOM_ENTRANCES	22	10	Warehouse to Switch Room	X	Goldenrod Warehouse	Warehouse to Switch Room Exit
310	RUINS_OF_ALPH_OMANYTE_CHAMBER	3	3	3	RUINS_OF_ALPH_INNER_CHAMBER	3	21	X			X 
619	ROUTE_35_GOLDENROD_GATE	2	4	0	ROUTE_35	9	33	Goldenrod To Route 35 Gate	X	Goldenrod/Route 35 Gate	Goldenrod To Route 35 Gate Exit
620	ROUTE_35_GOLDENROD_GATE	2	4	7	GOLDENROD_CITY	19	1	Route 35 to Goldenrod Gate	X	Goldenrod/Route 35 Gate	Route 35 to Goldenrod Gate Exit
313	RUINS_OF_ALPH_AERODACTYL_CHAMBER	3	3	3	RUINS_OF_ALPH_INNER_CHAMBER	15	24	X			X 
733	HALL_OF_FAME	1	4	13	LANCES_ROOM	4	1		X	Hall Of Fame	HALL_OF_FAME Exit
303	RUINS_OF_ALPH_HO_OH_CHAMBER	3	3	9	RUINS_OF_ALPH_OUTSIDE	2	17	Ho-Oh Chamber	X	Ho-Oh Chamber	Ho-Oh Chamber Exit
316	RUINS_OF_ALPH_INNER_CHAMBER	5	3	15	RUINS_OF_ALPH_HO_OH_CHAMBER	3	3	X			X 
317	RUINS_OF_ALPH_INNER_CHAMBER	5	15	3	RUINS_OF_ALPH_KABUTO_CHAMBER	3	3	X			X 
318	RUINS_OF_ALPH_INNER_CHAMBER	5	3	21	RUINS_OF_ALPH_OMANYTE_CHAMBER	3	3	X			X 
319	RUINS_OF_ALPH_INNER_CHAMBER	5	15	24	RUINS_OF_ALPH_AERODACTYL_CHAMBER	3	3	X			X 
305	RUINS_OF_ALPH_HO_OH_CHAMBER	3	4	0	RUINS_OF_ALPH_HO_OH_ITEM_ROOM	3	9		E	Ho-Oh In Party	RUINS_OF_ALPH_HO_OH_ITEM_ROOM Entrance
321	RUINS_OF_ALPH_HO_OH_ITEM_ROOM	2	3	9	RUINS_OF_ALPH_HO_OH_CHAMBER	4	0	Ho-Oh Item Room	X	Ho-Oh Item Room	Ho-Oh Item Room Exit
322	RUINS_OF_ALPH_HO_OH_ITEM_ROOM	2	3	1	RUINS_OF_ALPH_HO_OH_WORD_ROOM	9	9	X			X 
434	ICE_PATH_B1F	8	5	25	ICE_PATH_1F	37	13	Ice Path Slip Room Ladder Up		Ice Path Access	Ice Path Slip Room Ladder Up 
324	RUINS_OF_ALPH_KABUTO_ITEM_ROOM	2	3	1	RUINS_OF_ALPH_KABUTO_WORD_ROOM	9	5	X			X 
435	ICE_PATH_B1F	8	11	27	ICE_PATH_B2F_BLACKTHORN_SIDE	3	15	Ice Path Slip Room Ladder Down		Ice Path Access	Ice Path Slip Room Ladder Down 
326	RUINS_OF_ALPH_OMANYTE_ITEM_ROOM	2	3	1	RUINS_OF_ALPH_OMANYTE_WORD_ROOM	9	7	X		Flash Item Room	X 
425	ICE_PATH_1F	4	36	27	BLACKTHORN_CITY	36	9	Ice Path Blackthorn City	X	Ice Path Blackthorn Side	Ice Path Blackthorn City Exit
328	RUINS_OF_ALPH_AERODACTYL_ITEM_ROOM	2	3	1	RUINS_OF_ALPH_AERODACTYL_WORD_ROOM	9	5	X			X 
329	RUINS_OF_ALPH_HO_OH_WORD_ROOM	1	9	9	RUINS_OF_ALPH_HO_OH_ITEM_ROOM	3	1	X			X 
330	RUINS_OF_ALPH_KABUTO_WORD_ROOM	1	9	5	RUINS_OF_ALPH_KABUTO_ITEM_ROOM	3	1	X			X 
331	RUINS_OF_ALPH_OMANYTE_WORD_ROOM	1	9	7	RUINS_OF_ALPH_OMANYTE_ITEM_ROOM	3	1	X			X 
332	RUINS_OF_ALPH_AERODACTYL_WORD_ROOM	1	9	5	RUINS_OF_ALPH_AERODACTYL_ITEM_ROOM	3	1	X			X 
427	ICE_PATH_1F	4	37	13	ICE_PATH_B1F	5	25	Ice Path Blackthorn Side Ladder Down		Ice Path Blackthorn Side	Ice Path Blackthorn Side Ladder Down 
436	ICE_PATH_B2F_MAHOGANY_SIDE	6	17	1	ICE_PATH_B1F	17	3	Ice Path Boulder Drop Room Escape		Ice Path Boulder Drop Room	Ice Path Boulder Drop Room Escape 
437	ICE_PATH_B2F_MAHOGANY_SIDE	6	9	11	ICE_PATH_B3F	3	5	Ice Path Boulder Drop Room Continue		Ice Path Boulder Drop Room With Strength	Ice Path Boulder Drop Room Continue 
428	ICE_PATH_B1F	8	3	15	ICE_PATH_1F	37	5	Ice Path Boulders Up Ladder		Ice Path Boulders	Ice Path Boulders Up Ladder 
429	ICE_PATH_B1F	8	17	3	ICE_PATH_B2F_MAHOGANY_SIDE	17	1	Ice Path Boulders Down Ladder		Ice Path Boulders	Ice Path Boulders Down Ladder 
442	ICE_PATH_B2F_BLACKTHORN_SIDE	2	3	15	ICE_PATH_B1F	11	27	Ice Path Island Room Ladder Up		Ice Path Island Room	Ice Path Island Room Ladder Up 
443	ICE_PATH_B2F_BLACKTHORN_SIDE	2	3	3	ICE_PATH_B3F	15	5	Ice Path Island Room Ladder Down		Ice Path Island Room	Ice Path Island Room Ladder Down 
444	ICE_PATH_B3F	2	3	5	ICE_PATH_B2F_MAHOGANY_SIDE	9	11	Ice Path Rock Room West Ladder Up		Ice Path Rock Room	Ice Path Rock Room West Ladder Up 
445	ICE_PATH_B3F	2	15	5	ICE_PATH_B2F_BLACKTHORN_SIDE	3	3	Ice Path Rock Room East Ladder Up		Ice Path Rock Room	Ice Path Rock Room East Ladder Up 
424	ICE_PATH_1F	4	4	19	ROUTE_44	56	7	Ice Path Route 44	X	Ice Path Route 44 Side	Ice Path Route 44 Exit
426	ICE_PATH_1F	4	37	5	ICE_PATH_B1F	3	15	Ice Path Route 44 Side Ladder Down		Ice Path Route 44 Side	Ice Path Route 44 Side Ladder Down 
388	ILEX_FOREST	2	1	5	ROUTE_34_ILEX_FOREST_GATE	4	7	Ilex to Route 34 Gate	E	Ilex North	Ilex to Route 34 Gate Entrance
389	ILEX_FOREST	2	3	42	ILEX_FOREST_AZALEA_GATE	0	4	Ilex to Azalea Gate	E	Ilex South	Ilex to Azalea Gate Entrance
656	ROUTE_34_ILEX_FOREST_GATE	2	4	0	ROUTE_34	13	37	Ilex to Route 34 Gate	X	Ilex/Route 34 Gate	Ilex to Route 34 Gate Exit
657	ROUTE_34_ILEX_FOREST_GATE	2	4	7	ILEX_FOREST	1	5	Route 34 to Ilex Gate	X	Ilex/Route 34 Gate	Route 34 to Ilex Gate Exit
348	OLIVINE_LIGHTHOUSE_1F	3	16	13	OLIVINE_LIGHTHOUSE_2F	16	13	X			X 
721	INDIGO_PLATEAU_POKECENTER_1F	2	5	13	ROUTE_23	9	5		X	Indigo Plateau	INDIGO_PLATEAU_POKECENTER_1F Exit
722	INDIGO_PLATEAU_POKECENTER_1F	2	14	3	WILLS_ROOM	5	17	E4	E	Indigo Plateau	E4 Entrance
351	OLIVINE_LIGHTHOUSE_2F	4	16	13	OLIVINE_LIGHTHOUSE_1F	16	13	X			X 
352	OLIVINE_LIGHTHOUSE_2F	4	16	11	OLIVINE_LIGHTHOUSE_3F	16	11	X			X 
729	KARENS_ROOM	2	4	17	BRUNOS_ROOM	4	2		X	Karens Room	KARENS_ROOM Exit
730	KARENS_ROOM	2	4	2	LANCES_ROOM	4	23		E	Karens Room	LANCES_ROOM Entrance
725	KOGAS_ROOM	2	4	17	WILLS_ROOM	4	2		X	Kogas Room	KOGAS_ROOM Exit
356	OLIVINE_LIGHTHOUSE_3F	6	16	11	OLIVINE_LIGHTHOUSE_2F	16	11	X			X 
357	OLIVINE_LIGHTHOUSE_3F	6	16	9	OLIVINE_LIGHTHOUSE_4F	16	9	X			X 
358	OLIVINE_LIGHTHOUSE_3F	6	8	3	OLIVINE_LIGHTHOUSE_4F	8	3	X			X 
726	KOGAS_ROOM	2	4	2	BRUNOS_ROOM	4	17		E	Kogas Room	BRUNOS_ROOM Entrance
602	KURTS_HOUSE	1	3	7	AZALEA_TOWN	9	5		X	Kurts House	KURTS_HOUSE Exit
75	LAKE_OF_RAGE	2	27	31	LAKE_OF_RAGE_MAGIKARP_HOUSE	2	7		E	Lake of Rage	LAKE_OF_RAGE_MAGIKARP_HOUSE Entrance
74	LAKE_OF_RAGE	2	7	3	LAKE_OF_RAGE_HIDDEN_POWER_HOUSE	2	7		E	Lake of Rage Cut	LAKE_OF_RAGE_HIDDEN_POWER_HOUSE Entrance
363	OLIVINE_LIGHTHOUSE_4F	7	16	9	OLIVINE_LIGHTHOUSE_3F	16	9	x			x 
364	OLIVINE_LIGHTHOUSE_4F	7	8	3	OLIVINE_LIGHTHOUSE_3F	8	3	x			x 
365	OLIVINE_LIGHTHOUSE_4F	7	16	7	OLIVINE_LIGHTHOUSE_5F	16	7	x			x 
604	LAKE_OF_RAGE_HIDDEN_POWER_HOUSE	1	2	7	LAKE_OF_RAGE	7	3		X	Lake of Rage Hidden Power House	LAKE_OF_RAGE_HIDDEN_POWER_HOUSE Exit
605	LAKE_OF_RAGE_MAGIKARP_HOUSE	1	2	7	LAKE_OF_RAGE	27	31		X	Lake of Rage Magikarp House	LAKE_OF_RAGE_MAGIKARP_HOUSE Exit
731	LANCES_ROOM	2	4	23	KARENS_ROOM	4	2		X	Lances Room	LANCES_ROOM Exit
369	OLIVINE_LIGHTHOUSE_5F	5	16	7	OLIVINE_LIGHTHOUSE_4F	16	7	X			X 
370	OLIVINE_LIGHTHOUSE_5F	5	16	5	OLIVINE_LIGHTHOUSE_6F	16	5	X			X 
732	LANCES_ROOM	2	4	1	HALL_OF_FAME	4	13		E	Lances Room	HALL_OF_FAME Entrance
743	LAVENDER_POKECENTER_1F	1	3	7	LAVENDER_TOWN	5	5		X	Lavender Center	LAVENDER_POKECENTER_1F Exit
748	LAVENDER_MART	1	2	7	LAVENDER_TOWN	1	5		X	Lavender Mart	LAVENDER_MART Exit
747	LAVENDER_NAME_RATER	1	2	7	LAVENDER_TOWN	7	13		X	Lavender Name Rater	LAVENDER_NAME_RATER Exit
750	LAV_RADIO_TOWER_1F	1	2	7	LAVENDER_TOWN	14	5		X	Lavender Radio Tower	LAV_RADIO_TOWER_1F Exit
746	LAVENDER_SPEECH_HOUSE	1	2	7	LAVENDER_TOWN	3	13		X	Lavender Speech House	LAVENDER_SPEECH_HOUSE Exit
377	TEAM_ROCKET_BASE_B1F	4	5	15	TEAM_ROCKET_BASE_B1F	25	2	X			X 
378	TEAM_ROCKET_BASE_B1F	4	25	2	TEAM_ROCKET_BASE_B1F	5	15	X			X 
346	OLIVINE_LIGHTHOUSE_1F	3	10	17	OLIVINE_CITY	29	27		X	Lighthouse 1F	OLIVINE_LIGHTHOUSE_1F Exit
347	OLIVINE_LIGHTHOUSE_1F	3	3	11	OLIVINE_LIGHTHOUSE_2F	3	11	Lighthouse 1F Up		Lighthouse 1F	Lighthouse 1F Up 
349	OLIVINE_LIGHTHOUSE_2F	4	3	11	OLIVINE_LIGHTHOUSE_1F	3	11	Lighthouse 2F Down		Lighthouse 2F	Lighthouse 2F Down 
350	OLIVINE_LIGHTHOUSE_2F	4	5	3	OLIVINE_LIGHTHOUSE_3F	5	3	Lighthouse 2F Up		Lighthouse 2F	Lighthouse 2F Up 
353	OLIVINE_LIGHTHOUSE_3F	6	13	3	OLIVINE_LIGHTHOUSE_4F	13	3	Lighthouse 3F Up		Lighthouse 3F	Lighthouse 3F Up 
354	OLIVINE_LIGHTHOUSE_3F	6	5	3	OLIVINE_LIGHTHOUSE_2F	5	3	Lighthouse 3F Down		Lighthouse 3F	Lighthouse 3F Down 
355	OLIVINE_LIGHTHOUSE_3F	6	9	5	OLIVINE_LIGHTHOUSE_4F	9	5	Lighthouse 3F Middle Up		Lighthouse 3F Middle	Lighthouse 3F Middle Up 
359	OLIVINE_LIGHTHOUSE_4F	7	13	3	OLIVINE_LIGHTHOUSE_3F	13	3	Lighthouse 4F Down		Lighthouse 4F	Lighthouse 4F Down 
360	OLIVINE_LIGHTHOUSE_4F	7	3	5	OLIVINE_LIGHTHOUSE_5F	3	5	Lighthouse 4F Up		Lighthouse 4F	Lighthouse 4F Up 
361	OLIVINE_LIGHTHOUSE_4F	7	9	7	OLIVINE_LIGHTHOUSE_5F	9	7	Lighthouse 4F Middle Up		Lighthouse 4F Middle	Lighthouse 4F Middle Up 
362	OLIVINE_LIGHTHOUSE_4F	7	9	5	OLIVINE_LIGHTHOUSE_3F	9	5	Lighthouse 4F Middle Down		Lighthouse 4F Middle	Lighthouse 4F Middle Down 
367	OLIVINE_LIGHTHOUSE_5F	5	3	5	OLIVINE_LIGHTHOUSE_4F	3	5	Lighthouse 5F Down		Lighthouse 5F	Lighthouse 5F Down 
366	OLIVINE_LIGHTHOUSE_5F	5	9	15	OLIVINE_LIGHTHOUSE_6F	9	15	Lighthouse 5F Center Up		Lighthouse 5F Center	Lighthouse 5F Center Up 
368	OLIVINE_LIGHTHOUSE_5F	5	9	7	OLIVINE_LIGHTHOUSE_4F	9	7	Lighthouse 5F Center Down		Lighthouse 5F Center	Lighthouse 5F Center Down 
371	OLIVINE_LIGHTHOUSE_6F	2	9	15	OLIVINE_LIGHTHOUSE_5F	9	15	Lighthouse Roof Ladder Down		Lighthouse Roof	Lighthouse Roof Ladder Down 
372	OLIVINE_LIGHTHOUSE_6F	2	16	5	OLIVINE_LIGHTHOUSE_5F	16	5	Lighthouse Roof Hole		Lighthouse Roof Hole	Lighthouse Roof Hole 
475	WHIRL_ISLAND_LUGIA_CHAMBER	1	9	13	WHIRL_ISLAND_B2F	7	25	Lugia Chamber	X	Lugia Chamber	Lugia Chamber Exit
69	MAHOGANY_TOWN	5	11	7	MAHOGANY_MART_1F	3	7		E	Mahogany	MAHOGANY_MART_1F Entrance
70	MAHOGANY_TOWN	5	17	7	MAHOGANY_RED_GYARADOS_SPEECH_HOUSE	2	7		E	Mahogany	MAHOGANY_RED_GYARADOS_SPEECH_HOUSE Entrance
72	MAHOGANY_TOWN	5	15	13	MAHOGANY_POKECENTER_1F	3	7		E	Mahogany	MAHOGANY_POKECENTER_1F Entrance
73	MAHOGANY_TOWN	5	9	1	ROUTE_43_MAHOGANY_GATE	4	7	Mahogany North to Route 43 Gate	E	Mahogany	Mahogany North to Route 43 Gate Entrance
121	ROUTE_42	4	46	7	MOUNT_MORTAR_1F_OUTSIDE	37	33	Mortar Entrance East	E	Mahogany	Mortar Entrance East Entrance
125	ROUTE_44	1	56	7	ICE_PATH_1F	4	19	Route 44 Ice Path	E	Mahogany 7 Badges	Route 44 Ice Path Entrance
402	GOLDENROD_DEPT_STORE_B1F	2	9	4	GOLDENROD_DEPT_STORE_ELEVATOR	1	3	X			X 
514	MAHOGANY_POKECENTER_1F	1	3	7	MAHOGANY_TOWN	15	13		X	Mahogany Center	MAHOGANY_POKECENTER_1F Exit
513	MAHOGANY_GYM	1	4	17	MAHOGANY_TOWN	6	13		X	Mahogany Gym	MAHOGANY_GYM Exit
71	MAHOGANY_TOWN	5	6	13	MAHOGANY_GYM	4	17		E	Mahogany Rockets Cleared	MAHOGANY_GYM Entrance
606	ROUTE_43_MAHOGANY_GATE	2	4	0	ROUTE_43	9	51	Route 43 Exit from Mahogoney		Mahogany/Route 43 Gate	Route 43 Exit from Mahogoney 
607	ROUTE_43_MAHOGANY_GATE	2	4	7	MAHOGANY_TOWN	9	1	Mahogany Exit from Route 43		Mahogany/Route 43 Gate	Mahogany Exit from Route 43 
512	MAHOGANY_RED_GYARADOS_SPEECH_HOUSE	1	2	7	MAHOGANY_TOWN	17	7		X	Mahogoney Gyarados House	MAHOGANY_RED_GYARADOS_SPEECH_HOUSE Exit
510	ROUTE_39_BARN	1	3	7	ROUTE_39	1	3	Miltank Barn	X	Miltank Barn	Miltank Barn Exit
422	MOUNT_MORTAR_B1F	2	3	3	MOUNT_MORTAR_1F_INSIDE	3	19	Tyrogue Room	X	Mortar Surf North	Tyrogue Room Exit
423	MOUNT_MORTAR_B1F	2	19	29	MOUNT_MORTAR_1F_OUTSIDE	17	29	Mortar Surf	X	Mortar Surf South	Mortar Surf Exit
421	MOUNT_MORTAR_2F_INSIDE	2	3	5	MOUNT_MORTAR_1F_INSIDE	9	9	Mortar Waterfall Ladder Down		Mortar Waterfall Room North	Mortar Waterfall Ladder Down 
420	MOUNT_MORTAR_2F_INSIDE	2	17	33	MOUNT_MORTAR_1F_OUTSIDE	17	5	Mortar Waterfall Exit		Mortar Waterfall Room South	Mortar Waterfall Exit 
217	ROUTE_4	1	2	5	MOUNT_MOON	15	15	Route 4 Mt Moon	E	Mount Moon Exit	Route 4 Mt Moon Entrance
719	MOUNT_MOON_GIFT_SHOP	1	3	7	MOUNT_MOON_SQUARE	13	7		X	Mount Moon Gift Shop	MOUNT_MOON_GIFT_SHOP Exit
523	MOUNT_MOON	8	3	3	ROUTE_3	52	1	Mt Moon Route 3	X	Mount Moon Main	Mt Moon Route 3 Exit
524	MOUNT_MOON	8	15	15	ROUTE_4	2	5	Mt Moon Route 4	X	Mount Moon Main	Mt Moon Route 4 Exit
525	MOUNT_MOON	8	13	3	MOUNT_MOON	25	3	Mt Moon Main Shop Path		Mount Moon Main	Mt Moon Main Shop Path 
526	MOUNT_MOON	8	15	11	MOUNT_MOON	25	13	Mount Moon Main Ledge		Mount Moon Main Ledge	Mount Moon Main Ledge 
528	MOUNT_MOON	8	25	15	MOUNT_MOON_SQUARE	22	11	Mount Moon Shop Passage In	X	Mount Moon Shop Passage In	Mount Moon Shop Passage In Exit
530	MOUNT_MOON	8	25	13	MOUNT_MOON	15	11	Mount Moon Shop Passage In		Mount Moon Shop Passage In	Mount Moon Shop Passage In 
527	MOUNT_MOON	8	25	5	MOUNT_MOON_SQUARE	20	5	Mount Moon Shop Passage Out	X	Mount Moon Shop Passage Out	Mount Moon Shop Passage Out Exit
529	MOUNT_MOON	8	25	3	MOUNT_MOON	13	3	Mount Moon Shop Passage Out		Mount Moon Shop Passage Out	Mount Moon Shop Passage Out 
583	MOVE_DELETERS_HOUSE	1	2	7	BLACKTHORN_CITY	9	31		X	Move Deleters	MOVE_DELETERS_HOUSE Exit
894	MR_POKEMONS_HOUSE	1	2	7	ROUTE_30	17	5		X	Mr Pokemon	MR_POKEMONS_HOUSE Exit
875	MR_PSYCHICS_HOUSE	1	2	7	SAFFRON_CITY	27	29		X	Mr Psychics House	MR_PSYCHICS_HOUSE Exit
407	MOUNT_MORTAR_1F_OUTSIDE	9	37	33	ROUTE_42	46	7	Mt Mortar East	X	Mt Mortar East	Mt Mortar East Exit
410	MOUNT_MORTAR_1F_OUTSIDE	9	29	21	MOUNT_MORTAR_1F_INSIDE	29	47	Mt Mortar East Cave	E	Mt Mortar East	Mt Mortar East Cave Entrance
412	MOUNT_MORTAR_1F_OUTSIDE	9	7	13	MOUNT_MORTAR_1F_INSIDE	5	39	Mt Mortar Ether Room		Mt Mortar Ether Room	Mt Mortar Ether Room 
406	MOUNT_MORTAR_1F_OUTSIDE	9	17	33	ROUTE_42	28	9	Mt Mortar Middle	X	Mt Mortar Middle Entrance Hall	Mt Mortar Middle Exit
411	MOUNT_MORTAR_1F_OUTSIDE	9	17	29	MOUNT_MORTAR_B1F	19	29	Mt Mortar Surf Room Ladder		Mt Mortar Middle Entrance Hall	Mt Mortar Surf Room Ladder 
414	MOUNT_MORTAR_1F_INSIDE	6	11	47	MOUNT_MORTAR_1F_OUTSIDE	11	21	Mt Mortar Middle West	X	Mt Mortar Middle	Mt Mortar Middle West Exit
415	MOUNT_MORTAR_1F_INSIDE	6	29	47	MOUNT_MORTAR_1F_OUTSIDE	29	21	Mt Mortar Middle East	X	Mt Mortar Middle	Mt Mortar Middle East Exit
416	MOUNT_MORTAR_1F_INSIDE	6	5	39	MOUNT_MORTAR_1F_OUTSIDE	7	13	Mt Mortar Middle Left Ladder		Mt Mortar Middle	Mt Mortar Middle Left Ladder 
417	MOUNT_MORTAR_1F_INSIDE	6	33	41	MOUNT_MORTAR_1F_OUTSIDE	33	13	Mt Mortar Middle Right Ladder		Mt Mortar Middle	Mt Mortar Middle Right Ladder 
408	MOUNT_MORTAR_1F_OUTSIDE	9	17	5	MOUNT_MORTAR_2F_INSIDE	17	33	Mt Mortar Waterfall Cave	E	Mt Mortar Middle Entrance Hall Waterfall	Mt Mortar Waterfall Cave Entrance
418	MOUNT_MORTAR_1F_INSIDE	6	3	19	MOUNT_MORTAR_B1F	3	3	Mt Mortar Waterfall Ladder Down		Mt Mortar Middle Waterfall	Mt Mortar Waterfall Ladder Down 
419	MOUNT_MORTAR_1F_INSIDE	6	9	9	MOUNT_MORTAR_2F_INSIDE	3	5	Mt Mortar Waterfall Ladder Up		Mt Mortar Middle Waterfall	Mt Mortar Waterfall Ladder Up 
413	MOUNT_MORTAR_1F_OUTSIDE	9	33	13	MOUNT_MORTAR_1F_INSIDE	33	41	Mt Mortar Revive Room		Mt Mortar Revive Room	Mt Mortar Revive Room 
405	MOUNT_MORTAR_1F_OUTSIDE	9	3	33	ROUTE_42	10	5	Mt Mortar West	X	Mt Mortar West	Mt Mortar West Exit
409	MOUNT_MORTAR_1F_OUTSIDE	9	11	21	MOUNT_MORTAR_1F_INSIDE	11	47	Mt Mortar West Cave	E	Mt Mortar West	Mt Mortar West Cave Entrance
716	MOUNT_MOON_SQUARE	3	20	5	MOUNT_MOON	25	5	Mount Moon Square North	E	Mt. Moon Square	Mount Moon Square North Entrance
717	MOUNT_MOON_SQUARE	3	22	11	MOUNT_MOON	25	15	Mount Moon Sqaure South	E	Mt. Moon Square	Mount Moon Sqaure South Entrance
718	MOUNT_MOON_SQUARE	3	13	7	MOUNT_MOON_GIFT_SHOP	3	7		E	Mt. Moon Square	MOUNT_MOON_GIFT_SHOP Entrance
278	NATIONAL_PARK	2	33	18	ROUTE_36_NATIONAL_PARK_GATE	0	4	National Park South	X	National Park	National Park South Exit
279	NATIONAL_PARK	2	10	47	ROUTE_35_NATIONAL_PARK_GATE	3	0	National Park East	X	National Park	National Park East Exit
897	NATIONAL_PARK_BUG_CONTEST	2	33	18	ROUTE_36_NATIONAL_PARK_GATE	0	4	Contest to Route 36	X	National Park Contest	Contest to Route 36 Exit
898	NATIONAL_PARK_BUG_CONTEST	2	10	47	ROUTE_35_NATIONAL_PARK_GATE	3	0	Contest to Route 35	X	National Park Contest	Contest to Route 35 Exit
621	ROUTE_35_NATIONAL_PARK_GATE	2	3	0	NATIONAL_PARK	10	47	Route 35 to National Park Gate	X	National Park/Route 35 Gate	Route 35 to National Park Gate Exit
622	ROUTE_35_NATIONAL_PARK_GATE	2	3	7	ROUTE_35	3	5	National Park to Route 35 Gate	X	National Park/Route 35 Gate	National Park to Route 35 Gate Exit
625	ROUTE_36_NATIONAL_PARK_GATE	2	0	4	NATIONAL_PARK	33	18	Route 36 to National Park Gate	X	National Park/Route 36 Gate	Route 36 to National Park Gate Exit
626	ROUTE_36_NATIONAL_PARK_GATE	2	9	4	ROUTE_36	18	8	National Park to Route 36 Gate	X	National Park/Route 36 Gate	National Park to Route 36 Gate Exit
1	NEW_BARK_TOWN	4	6	3	ELMS_LAB	4	11		E	New Bark	ELMS_LAB Entrance
2	NEW_BARK_TOWN	4	13	5	PLAYERS_HOUSE_1F	6	7		E	New Bark	PLAYERS_HOUSE_1F Entrance
3	NEW_BARK_TOWN	4	3	11	PLAYERS_NEIGHBORS_HOUSE	2	7		E	New Bark	PLAYERS_NEIGHBORS_HOUSE Entrance
4	NEW_BARK_TOWN	4	11	13	ELMS_HOUSE	2	7		E	New Bark	ELMS_HOUSE Entrance
833	PLAYERS_NEIGHBORS_HOUSE	1	2	7	NEW_BARK_TOWN	3	11	New Bark House	X	New Bark House	New Bark House Exit
531	UNDERGROUND_PATH	2	3	2	ROUTE_5_UNDERGROUND_PATH_ENTRANCE	4	3	Underground Exit Route 5		NS Underground	Underground Exit Route 5 
532	UNDERGROUND_PATH	2	3	24	ROUTE_6_UNDERGROUND_PATH_ENTRANCE	4	3	Underground Exit Route 6		NS Underground	Underground Exit Route 6 
676	OAKS_LAB	1	4	11	PALLET_TOWN	12	11		X	Oaks Lab	OAKS_LAB Exit
47	OLIVINE_CITY	10	13	21	OLIVINE_POKECENTER_1F	3	7		E	Olivine	OLIVINE_POKECENTER_1F Entrance
48	OLIVINE_CITY	10	10	11	OLIVINE_GYM	4	15		E	Olivine	OLIVINE_GYM Entrance
49	OLIVINE_CITY	10	25	11	OLIVINE_TIMS_HOUSE	2	7		E	Olivine	OLIVINE_TIMS_HOUSE Entrance
50	OLIVINE_CITY	10	0	0	OLIVINE_HOUSE_BETA	2	7		E	Olivine	OLIVINE_HOUSE_BETA Entrance
51	OLIVINE_CITY	10	29	11	OLIVINE_PUNISHMENT_SPEECH_HOUSE	2	7		E	Olivine	OLIVINE_PUNISHMENT_SPEECH_HOUSE Entrance
52	OLIVINE_CITY	10	13	15	OLIVINE_GOOD_ROD_HOUSE	2	7		E	Olivine	OLIVINE_GOOD_ROD_HOUSE Entrance
53	OLIVINE_CITY	10	7	21	OLIVINE_CAFE	2	7		E	Olivine	OLIVINE_CAFE Entrance
54	OLIVINE_CITY	10	19	17	OLIVINE_MART	3	7		E	Olivine	OLIVINE_MART Entrance
55	OLIVINE_CITY	10	29	27	OLIVINE_LIGHTHOUSE_1F	10	17		E	Olivine	OLIVINE_LIGHTHOUSE_1F Entrance
56	OLIVINE_CITY	10	19	27	OLIVINE_PORT_PASSAGE	15	0		E	Olivine	OLIVINE_PORT_PASSAGE Entrance
110	ROUTE_38	1	35	8	ROUTE_38_ECRUTEAK_GATE	0	4	Route 38 to Ecruteak Gate	E	Olivine	Route 38 to Ecruteak Gate Entrance
111	ROUTE_39	2	1	3	ROUTE_39_BARN	3	7		E	Olivine	ROUTE_39_BARN Entrance
112	ROUTE_39	2	5	3	ROUTE_39_FARMHOUSE	2	7		E	Olivine	ROUTE_39_FARMHOUSE Entrance
113	ROUTE_40	1	9	5	ROUTE_40_BATTLE_TOWER_GATE	4	7	Route 40 to Battle Tower Gate	E	Olivine	Route 40 to Battle Tower Gate Entrance
506	OLIVINE_CAFE	1	2	7	OLIVINE_CITY	7	21		X	Olivine Café	OLIVINE_CAFE Exit
499	OLIVINE_POKECENTER_1F	2	3	7	OLIVINE_CITY	13	21		X	Olivine Center	OLIVINE_POKECENTER_1F Exit
505	OLIVINE_GOOD_ROD_HOUSE	1	2	7	OLIVINE_CITY	13	15		X	Olivine Good Rod House	OLIVINE_GOOD_ROD_HOUSE Exit
501	OLIVINE_GYM	1	4	15	OLIVINE_CITY	10	11		X	Olivine Gym	OLIVINE_GYM Exit
507	OLIVINE_MART	1	2	7	OLIVINE_CITY	19	17		X	Olivine Mart	OLIVINE_MART Exit
683	OLIVINE_PORT	2	11	7	OLIVINE_PORT_PASSAGE	3	14	Olivine Port	X	Olivine Port	Olivine Port Exit
710	OLIVINE_PORT_PASSAGE	4	3	2	OLIVINE_PORT_PASSAGE	15	4	Olivine Port Passage Corridor		Olivine Port Corridor	Olivine Port Passage Corridor 
711	OLIVINE_PORT_PASSAGE	4	3	14	OLIVINE_PORT	11	7		E	Olivine Port Corridor	OLIVINE_PORT Entrance
708	OLIVINE_PORT_PASSAGE	4	15	0	OLIVINE_CITY	19	27		X	Olivine Port House	OLIVINE_PORT_PASSAGE Exit
709	OLIVINE_PORT_PASSAGE	4	15	4	OLIVINE_PORT_PASSAGE	3	2	Olivine Port House to Corridor		Olivine Port House	Olivine Port House to Corridor 
684	OLIVINE_PORT	2	7	23	FAST_SHIP_1F	25	1	Fast Ship from Olivine	E	Olivine Port Ticket	Fast Ship from Olivine Entrance
504	OLIVINE_PUNISHMENT_SPEECH_HOUSE	1	2	7	OLIVINE_CITY	29	11		X	Olivine Punishment House	OLIVINE_PUNISHMENT_SPEECH_HOUSE Exit
502	OLIVINE_TIMS_HOUSE	1	2	7	OLIVINE_CITY	25	11	Olivine Trade House	X	Olivine Trade House	Olivine Trade House Exit
680	PEWTER_POKECENTER_1F	1	3	7	PEWTER_CITY	13	25		X	Pewter Center	PEWTER_POKECENTER_1F Exit
678	PEWTER_GYM	1	4	13	PEWTER_CITY	16	17		X	Pewter Gym	PEWTER_GYM Exit
679	PEWTER_MART	1	2	7	PEWTER_CITY	23	17		X	Pewter Mart	PEWTER_MART Exit
677	PEWTER_NIDORAN_SPEECH_HOUSE	1	2	7	PEWTER_CITY	29	13		X	Pewter Nidoran House	PEWTER_NIDORAN_SPEECH_HOUSE Exit
682	PEWTER_SNOOZE_SPEECH_HOUSE	1	2	7	PEWTER_CITY	7	29		X	Pewter Snooze House	PEWTER_SNOOZE_SPEECH_HOUSE Exit
830	PLAYERS_HOUSE_1F	2	6	7	NEW_BARK_TOWN	13	5		X	Players House	PLAYERS_HOUSE_1F Exit
832	PLAYERS_HOUSE_2F	1	7	0	PLAYERS_HOUSE_1F	9	0	Players House Down	X	Players House 2F	Players House Down Exit
831	PLAYERS_HOUSE_1F	2	9	0	PLAYERS_HOUSE_2F	7	0	Players House Up		Players Room	Players House Up 
220	ROUTE_10_NORTH	2	3	9	POWER_PLANT	2	17		E	Power Entrance	POWER_PLANT Entrance
597	POWER_PLANT	1	2	17	ROUTE_10_NORTH	3	9		X	Power Plant	POWER_PLANT Exit
280	RADIO_TOWER_1F	2	2	7	GOLDENROD_CITY	5	15	Goldenrod Radio Tower	X	Radio Tower 1F	Goldenrod Radio Tower Exit
281	RADIO_TOWER_1F	2	15	0	RADIO_TOWER_2F	15	0	Radio Tower 1F Up		Radio Tower 1F	Radio Tower 1F Up 
500	OLIVINE_POKECENTER_1F	2	0	7	POKECENTER_2F	0	7	X			X 
283	RADIO_TOWER_2F	2	15	0	RADIO_TOWER_1F	15	0	Radio Tower 2F Down		Radio Tower 2F	Radio Tower 2F Down 
282	RADIO_TOWER_2F	2	0	0	RADIO_TOWER_3F	0	0	Radio Tower 2F Up		Radio Tower 2F Rockets	Radio Tower 2F Up 
503	OLIVINE_HOUSE_BETA	1	2	7	OLIVINE_CITY	0	0	X			X 
284	RADIO_TOWER_3F	3	0	0	RADIO_TOWER_2F	0	0	Radio Tower 3F Down		Radio Tower 3F	Radio Tower 3F Down 
285	RADIO_TOWER_3F	3	7	0	RADIO_TOWER_4F	9	0	Radio Tower 3F Director Side Up		Radio Tower 3F	Radio Tower 3F Director Side Up 
286	RADIO_TOWER_3F	3	17	0	RADIO_TOWER_4F	17	0	Radio Tower 3F Rocket Side Up		Radio Tower 3F Maybe Card Key	Radio Tower 3F Rocket Side Up 
287	RADIO_TOWER_4F	4	0	0	RADIO_TOWER_5F	0	0	Radio Tower 4F Director Side Up		Radio Tower 4F Director Side	Radio Tower 4F Director Side Up 
288	RADIO_TOWER_4F	4	9	0	RADIO_TOWER_3F	7	0	Radio Tower 4F Director Side Down		Radio Tower 4F Director Side	Radio Tower 4F Director Side Down 
289	RADIO_TOWER_4F	4	12	0	RADIO_TOWER_5F	12	0	Radio Tower 4F Rocket Side Up		Radio Tower 4F Rocket Side	Radio Tower 4F Rocket Side Up 
290	RADIO_TOWER_4F	4	17	0	RADIO_TOWER_3F	17	0	Radio Tower 4F Rocket Side Down		Radio Tower 4F Rocket Side	Radio Tower 4F Rocket Side Down 
291	RADIO_TOWER_5F	2	0	0	RADIO_TOWER_4F	0	0	Radio Tower Directors Room	X	Radio Tower Directors Room	Radio Tower Directors Room Exit
292	RADIO_TOWER_5F	2	12	0	RADIO_TOWER_4F	12	0	Radio Tower Hub	X	Radio Tower Hub	Radio Tower Hub Exit
672	REDS_HOUSE_1F	2	2	7	PALLET_TOWN	5	5		X	Reds House	REDS_HOUSE_1F Exit
673	REDS_HOUSE_1F	2	7	0	REDS_HOUSE_2F	7	0	Reds Room	E	Reds House	Reds Room Entrance
674	REDS_HOUSE_2F	1	7	0	REDS_HOUSE_1F	7	0	Reds House Down		Reds House 2F	Reds House Down 
482	SILVER_CAVE_ROOM_3	1	9	33	SILVER_CAVE_ROOM_2	11	5	Red's Room	X	Red's Room	Red's Room Exit
535	ROCK_TUNNEL_1F	6	5	3	ROCK_TUNNEL_B1F	23	3	Rock Tunnel Passage TS		Rock Tunnel 1F Passage	Rock Tunnel Passage TS 
536	ROCK_TUNNEL_1F	6	15	9	ROCK_TUNNEL_B1F	17	9	Rock Tunnel Passage TN		Rock Tunnel 1F Passage	Rock Tunnel Passage TN 
541	ROCK_TUNNEL_B1F	4	23	3	ROCK_TUNNEL_1F	5	3	Rock Tunnel BF1 North Passage North		Rock Tunnel BF1 North	Rock Tunnel BF1 North Passage North 
542	ROCK_TUNNEL_B1F	4	25	23	ROCK_TUNNEL_1F	27	3	Rock Tunnel BF1 North Passage South		Rock Tunnel BF1 North	Rock Tunnel BF1 North Passage South 
539	ROCK_TUNNEL_B1F	4	3	3	ROCK_TUNNEL_1F	27	13	Rock Tunnel BF1 South Passage North		Rock Tunnel BF1 South	Rock Tunnel BF1 South Passage North 
540	ROCK_TUNNEL_B1F	4	17	9	ROCK_TUNNEL_1F	15	9	Rock Tunnel BF1 South Passage East		Rock Tunnel BF1 South	Rock Tunnel BF1 South Passage East 
533	ROCK_TUNNEL_1F	6	15	3	ROUTE_9	48	15	Rock Tunnel North	X	Rock Tunnel North Exit	Rock Tunnel North Exit
537	ROCK_TUNNEL_1F	6	27	3	ROCK_TUNNEL_B1F	25	23	Rock Tunnel North Ladder		Rock Tunnel North Exit	Rock Tunnel North Ladder 
534	ROCK_TUNNEL_1F	6	11	25	ROUTE_10_SOUTH	6	1	Rock Tunnel South	X	Rock Tunnel South Exit	Rock Tunnel South Exit
538	ROCK_TUNNEL_1F	6	27	13	ROCK_TUNNEL_B1F	3	3	Rock Tunnel South Ladder		Rock Tunnel South Exit	Rock Tunnel South Ladder 
380	TEAM_ROCKET_BASE_B2F	5	3	2	TEAM_ROCKET_BASE_B3F	3	2	Generator Room North West		Rocket Base B2F	Generator Room North West 
381	TEAM_ROCKET_BASE_B2F	5	27	2	TEAM_ROCKET_BASE_B3F	27	2	Generator Room North East		Rocket Base B2F	Generator Room North East 
373	MAHOGANY_MART_1F	2	3	7	MAHOGANY_TOWN	11	7	Mahogany Shop 	X	Rocket Base Entrance	Mahogany Shop  Exit
374	MAHOGANY_MART_1F	2	7	3	TEAM_ROCKET_BASE_B1F	27	2	Rocket Base	E	Rocket Base Entrance Open	Rocket Base Entrance
375	TEAM_ROCKET_BASE_B1F	4	27	2	MAHOGANY_MART_1F	7	3		X	Rocket Base Statue Room	TEAM_ROCKET_BASE_B1F Exit
376	TEAM_ROCKET_BASE_B1F	4	3	14	TEAM_ROCKET_BASE_B2F	3	14	Rocket Base Statue Room Stairs Down		Rocket Base Statue Room	Rocket Base Statue Room Stairs Down 
384	TEAM_ROCKET_BASE_B3F	4	3	2	TEAM_ROCKET_BASE_B2F	3	2	Passwords Room		Rocket Hideout Admin Room	Passwords Room 
386	TEAM_ROCKET_BASE_B3F	4	3	6	TEAM_ROCKET_BASE_B2F	3	6	Thief Room	E	Rocket Hideout Admin Room	Thief Room Entrance
385	TEAM_ROCKET_BASE_B3F	4	27	2	TEAM_ROCKET_BASE_B2F	27	2	Passwords Room Stairs North		Rocket Hideout Passwords Room	Passwords Room Stairs North 
387	TEAM_ROCKET_BASE_B3F	4	27	14	TEAM_ROCKET_BASE_B2F	27	14	Passwords Room Stairs South		Rocket Hideout Passwords Room	Passwords Room Stairs South 
595	ROUTE_10_POKECENTER_1F	1	3	7	ROUTE_10_NORTH	11	1		X	Route 10 Pokecenter	ROUTE_10_POKECENTER_1F Exit
791	ROUTE_16_FUCHSIA_SPEECH_HOUSE	1	2	7	ROUTE_16	3	1	Route 16 Hidden House	X	Route 16 Hidden House	Route 16 Hidden House Exit
135	ROUTE_2	4	15	31	ROUTE_2_GATE	4	7	Route 2 Gate North	E	Route 2 Cut	Route 2 Gate North Entrance
134	ROUTE_2	4	15	15	ROUTE_2_NUGGET_HOUSE	2	7		E	Route 2 Diglett	ROUTE_2_NUGGET_HOUSE Entrance
137	ROUTE_2	4	12	7	DIGLETTS_CAVE	15	5	Route 2 Digletts Cave	E	Route 2 Diglett	Route 2 Digletts Cave Entrance
823	ROUTE_2_GATE	2	4	0	ROUTE_2	16	27	Route 2 South to Route 2 North Gate	X	Route 2 Gate	Route 2 South to Route 2 North Gate Exit
543	SAFARI_ZONE_FUCHSIA_GATE_BETA	2	4	0	SAFARI_ZONE_BETA	9	23	X			X 
544	SAFARI_ZONE_FUCHSIA_GATE_BETA	2	4	7	FUCHSIA_CITY	18	3	X			X 
545	SAFARI_ZONE_BETA	1	9	23	SAFARI_ZONE_FUCHSIA_GATE_BETA	4	0	X			X 
824	ROUTE_2_GATE	2	4	7	ROUTE_2	15	31	Route 2 North to Route 2 South Gate	X	Route 2 Gate	Route 2 North to Route 2 South Gate Exit
822	ROUTE_2_NUGGET_HOUSE	1	2	7	ROUTE_2	15	15		X	Route 2 Nugget House	ROUTE_2_NUGGET_HOUSE Exit
136	ROUTE_2	4	16	27	ROUTE_2_GATE	4	0	Route 2 Gate South	E	Route 2 South	Route 2 Gate South Entrance
222	ROUTE_23	2	9	5	INDIGO_PLATEAU_POKECENTER_1F	5	13		E	Route 23	INDIGO_PLATEAU_POKECENTER_1F Entrance
223	ROUTE_23	2	9	13	VICTORY_ROAD	13	5		E	Route 23	VICTORY_ROAD Entrance
86	ROUTE_26	3	7	5	VICTORY_ROAD_GATE	9	17	Route 26 North to Victory Road Gate	E	Route 26	Route 26 North to Victory Road Gate Entrance
87	ROUTE_26	3	15	57	ROUTE_26_HEAL_HOUSE	2	7		E	Route 26	ROUTE_26_HEAL_HOUSE Entrance
553	VICTORY_ROAD	10	0	11	VICTORY_ROAD	0	27	X			X 
554	VICTORY_ROAD	10	0	27	VICTORY_ROAD	0	11	X			X 
88	ROUTE_26	3	5	71	DAY_OF_WEEK_SIBLINGS_HOUSE	2	7		E	Route 26	DAY_OF_WEEK_SIBLINGS_HOUSE Entrance
835	ROUTE_26_HEAL_HOUSE	1	2	7	ROUTE_26	15	57		X	Route 26 Heal House	ROUTE_26_HEAL_HOUSE Exit
837	ROUTE_27_SANDSTORM_HOUSE	1	2	7	ROUTE_27	33	7		X	Route 27 Sandstorm House	ROUTE_27_SANDSTORM_HOUSE Exit
838	ROUTE_29_ROUTE_46_GATE	2	4	0	ROUTE_46	7	33	Route 29 to Route 46 Gate	X	Route 29/46 Gate	Route 29 to Route 46 Gate Exit
839	ROUTE_29_ROUTE_46_GATE	2	4	7	ROUTE_29	27	1	Route 46 to Route 29 Gate	X	Route 29/46 Gate	Route 46 to Route 29 Gate Exit
893	ROUTE_30_BERRY_HOUSE	1	2	7	ROUTE_30	7	39		X	Route 30 Berry House	ROUTE_30_BERRY_HOUSE Exit
97	ROUTE_31	2	4	6	ROUTE_31_VIOLET_GATE	9	4		E	Route 31	ROUTE_31_VIOLET_GATE Entrance
98	ROUTE_31	2	34	5	DARK_CAVE_VIOLET_ENTRANCE	3	15		E	Route 31	DARK_CAVE_VIOLET_ENTRANCE Entrance
99	ROUTE_32	3	11	73	ROUTE_32_POKECENTER_1F	3	7		E	Route 32	ROUTE_32_POKECENTER_1F Entrance
101	ROUTE_32	3	6	79	UNION_CAVE_1F	17	3	Route 32 Union Cave	E	Route 32	Route 32 Union Cave Entrance
618	ROUTE_32_POKECENTER_1F	1	3	7	ROUTE_32	11	73		X	Route 32 Center	ROUTE_32_POKECENTER_1F Exit
106	ROUTE_35	2	9	33	ROUTE_35_GOLDENROD_GATE	4	0	Route 35 to Goldenrod Gate	E	Route 35	Route 35 to Goldenrod Gate Entrance
567	ECRUTEAK_GYM	3	4	14	ECRUTEAK_GYM	2	4	X			X 
568	ECRUTEAK_GYM	3	2	4	ECRUTEAK_GYM	4	14	X			X 
107	ROUTE_35	2	3	5	ROUTE_35_NATIONAL_PARK_GATE	3	7	Route 35 to National Park Gate	E	Route 35	Route 35 to National Park Gate Entrance
108	ROUTE_36	2	18	8	ROUTE_36_NATIONAL_PARK_GATE	9	4	Route 36 to National Park Gate	E	Route 36	Route 36 to National Park Gate Entrance
120	ROUTE_42	4	28	9	MOUNT_MORTAR_1F_OUTSIDE	17	33	Mortar Entrance Center	E	Route 42 Center	Mortar Entrance Center Entrance
118	ROUTE_42	4	0	8	ROUTE_42_ECRUTEAK_GATE	9	4	Route 42 to Ecruteak Gate	E	Route 42 West	Route 42 to Ecruteak Gate Entrance
573	BLACKTHORN_GYM_1F	5	2	6	BLACKTHORN_GYM_2F	2	5	X			X 
574	BLACKTHORN_GYM_1F	5	7	7	BLACKTHORN_GYM_2F	8	7	X			X 
119	ROUTE_42	4	10	5	MOUNT_MORTAR_1F_OUTSIDE	3	33	Mortar Entrance West	E	Route 42 West	Mortar Entrance West Entrance
122	ROUTE_43	3	9	51	ROUTE_43_MAHOGANY_GATE	4	0	Route 43 to Mahogany Gate	E	Route 43	Route 43 to Mahogany Gate Entrance
577	BLACKTHORN_GYM_2F	4	2	5	BLACKTHORN_GYM_1F	2	6	X		Blackthorn Gym Holes	X 
578	BLACKTHORN_GYM_2F	4	8	7	BLACKTHORN_GYM_1F	7	7	X		Blackthorn Gym Holes	X 
123	ROUTE_43	3	17	35	ROUTE_43_GATE	4	7	Route 43 Gate North	E	Route 43	Route 43 Gate North Entrance
124	ROUTE_43	3	17	31	ROUTE_43_GATE	4	0	Route 43 Gate South	E	Route 43	Route 43 Gate South Entrance
608	ROUTE_43_GATE	2	4	0	ROUTE_43	17	31	Route 43 Gate North	X	Route 43 Gate	Route 43 Gate North Exit
609	ROUTE_43_GATE	2	4	7	ROUTE_43	17	35	Route 43 Gate South	X	Route 43 Gate	Route 43 Gate South Exit
887	ROUTE_5_CLEANSE_TAG_HOUSE	1	2	7	ROUTE_5	10	11		X	Route 5 Cleanse Tag House	ROUTE_5_CLEANSE_TAG_HOUSE Exit
883	ROUTE_5_UNDERGROUND_PATH_ENTRANCE	2	3	7	ROUTE_5	17	15	Route 5 Underground	X	Route 5 Underground	Route 5 Underground Exit
585	CINNABAR_POKECENTER_2F_BETA	1	0	7	CINNABAR_POKECENTER_1F	0	7	X			X 
884	ROUTE_5_UNDERGROUND_PATH_ENTRANCE	2	4	3	UNDERGROUND_PATH	3	2	Route 5 Underground Stairs		Route 5 Underground	Route 5 Underground Stairs 
670	ROUTE_6_UNDERGROUND_PATH_ENTRANCE	2	3	7	ROUTE_6	17	3	Route 6 Underground		Route 6 Underground Gate	Route 6 Underground 
671	ROUTE_6_UNDERGROUND_PATH_ENTRANCE	2	4	3	UNDERGROUND_PATH	3	24	Route 6 Underground Stairs		Route 6 Underground Gate	Route 6 Underground Stairs 
214	ROUTE_9	1	48	15	ROCK_TUNNEL_1F	15	3	Route 9 Rock Tunnel	E	Route 9	Route 9 Rock Tunnel Entrance
219	ROUTE_10_NORTH	2	11	1	ROUTE_10_POKECENTER_1F	3	7		E	Route 9	ROUTE_10_POKECENTER_1F Entrance
295	RUINS_OF_ALPH_OUTSIDE	10	2	29	RUINS_OF_ALPH_OMANYTE_CHAMBER	3	9		E	Ruins Ledge Middle	RUINS_OF_ALPH_OMANYTE_CHAMBER Entrance
296	RUINS_OF_ALPH_OUTSIDE	10	16	33	RUINS_OF_ALPH_AERODACTYL_CHAMBER	3	9		E	Ruins Surf	RUINS_OF_ALPH_AERODACTYL_CHAMBER Entrance
294	RUINS_OF_ALPH_OUTSIDE	10	14	7	RUINS_OF_ALPH_KABUTO_CHAMBER	3	9		E	Ruins of Alph	RUINS_OF_ALPH_KABUTO_CHAMBER Entrance
297	RUINS_OF_ALPH_OUTSIDE	10	10	13	RUINS_OF_ALPH_INNER_CHAMBER	10	13		E	Ruins of Alph	RUINS_OF_ALPH_INNER_CHAMBER Entrance
298	RUINS_OF_ALPH_OUTSIDE	10	17	11	RUINS_OF_ALPH_RESEARCH_CENTER	2	7		E	Ruins of Alph	RUINS_OF_ALPH_RESEARCH_CENTER Entrance
596	ROUTE_10_POKECENTER_2F_BETA	1	0	7	ROUTE_10_POKECENTER_1F	0	7	X			X 
301	RUINS_OF_ALPH_OUTSIDE	10	7	5	ROUTE_36_RUINS_OF_ALPH_GATE	4	7	Ruins to Route 36 Gate	E	Ruins of Alph	Ruins to Route 36 Gate Entrance
302	RUINS_OF_ALPH_OUTSIDE	10	13	20	ROUTE_32_RUINS_OF_ALPH_GATE	0	4	Ruins to Route 32 Gate	E	Ruins of Alph	Ruins to Route 32 Gate Entrance
293	RUINS_OF_ALPH_OUTSIDE	10	2	17	RUINS_OF_ALPH_HO_OH_CHAMBER	3	9		E	Ruins of Alph Grass	RUINS_OF_ALPH_HO_OH_CHAMBER Entrance
299	RUINS_OF_ALPH_OUTSIDE	10	6	19	UNION_CAVE_B1F	3	3	Union Cave Ruins Grass	E	Ruins of Alph Grass	Union Cave Ruins Grass Entrance
315	RUINS_OF_ALPH_INNER_CHAMBER	5	10	13	RUINS_OF_ALPH_OUTSIDE	10	13		X	Ruins of Alph Inner Chamber	RUINS_OF_ALPH_INNER_CHAMBER Exit
300	RUINS_OF_ALPH_OUTSIDE	10	6	27	UNION_CAVE_B1F	3	11	Union Cave Ruins Ledges	E	Ruins Of Alph Top Ledge	Union Cave Ruins Ledges Entrance
320	RUINS_OF_ALPH_RESEARCH_CENTER	1	2	7	RUINS_OF_ALPH_OUTSIDE	17	11		X	Ruins Research Center	RUINS_OF_ALPH_RESEARCH_CENTER Exit
616	ROUTE_32_RUINS_OF_ALPH_GATE	2	0	4	RUINS_OF_ALPH_OUTSIDE	13	20	Ruins to Route 32 Gate	X	Ruins/Route 32 Gate	Ruins to Route 32 Gate Exit
617	ROUTE_32_RUINS_OF_ALPH_GATE	2	9	4	ROUTE_32	4	2	Route 32 to Ruins Gate	X	Ruins/Route 32 Gate	Route 32 to Ruins Gate Exit
623	ROUTE_36_RUINS_OF_ALPH_GATE	2	4	0	ROUTE_36	47	13	Ruins to Route 36 Gate	X	Ruins/Route 36 Gate	Ruins to Route 36 Gate Exit
624	ROUTE_36_RUINS_OF_ALPH_GATE	2	4	7	RUINS_OF_ALPH_OUTSIDE	7	5	Route 36 to Ruins Gate	X	Ruins/Route 36 Gate	Route 36 to Ruins Gate Exit
735	SAFARI_ZONE_MAIN_OFFICE	1	2	7	FUCHSIA_CITY	22	13		X	Safari Zone Office	SAFARI_ZONE_MAIN_OFFICE Exit
193	SAFFRON_CITY	12	26	3	FIGHTING_DOJO	4	11		E	Saffron	FIGHTING_DOJO Entrance
194	SAFFRON_CITY	12	34	3	SAFFRON_GYM	8	17		E	Saffron	SAFFRON_GYM Entrance
195	SAFFRON_CITY	12	25	11	SAFFRON_MART	3	7		E	Saffron	SAFFRON_MART Entrance
196	SAFFRON_CITY	12	9	29	SAFFRON_POKECENTER_1F	3	7		E	Saffron	SAFFRON_POKECENTER_1F Entrance
197	SAFFRON_CITY	12	27	29	MR_PSYCHICS_HOUSE	2	7		E	Saffron	MR_PSYCHICS_HOUSE Entrance
198	SAFFRON_CITY	12	8	3	SAFFRON_MAGNET_TRAIN_STATION	9	17		E	Saffron	SAFFRON_MAGNET_TRAIN_STATION Entrance
199	SAFFRON_CITY	12	18	21	SILPH_CO_1F	2	7		E	Saffron	SILPH_CO_1F Entrance
200	SAFFRON_CITY	12	9	11	COPYCATS_HOUSE_1F	2	7		E	Saffron	COPYCATS_HOUSE_1F Entrance
201	SAFFRON_CITY	12	18	3	ROUTE_5_SAFFRON_GATE	4	7	Saffron to Route 5 Gate	E	Saffron	Saffron to Route 5 Gate Entrance
202	SAFFRON_CITY	12	0	24	ROUTE_7_SAFFRON_GATE	9	4	Saffron to Route 7 Gate	E	Saffron	Saffron to Route 7 Gate Entrance
203	SAFFRON_CITY	12	16	33	ROUTE_6_SAFFRON_GATE	4	0	Saffron to Route 6 Gate	E	Saffron	Saffron to Route 6 Gate Entrance
204	SAFFRON_CITY	12	39	22	ROUTE_8_SAFFRON_GATE	0	4	Saffron to Route 8 Gate	E	Saffron	Saffron to Route 8 Gate Entrance
873	SAFFRON_POKECENTER_1F	1	3	7	SAFFRON_CITY	9	29		X	Saffron Center	SAFFRON_POKECENTER_1F Exit
844	SAFFRON_GYM	31	19	11	SAFFRON_GYM	1	9	Saffron Gym E SE		Saffron Gym East	Saffron Gym E SE 
854	SAFFRON_GYM	31	15	9	SAFFRON_GYM	15	3	Saffron Gym E NW		Saffron Gym East	Saffron Gym E NW 
858	SAFFRON_GYM	31	19	9	SAFFRON_GYM	19	15	Saffron Gym E NE		Saffron Gym East	Saffron Gym E NE 
868	SAFFRON_GYM	31	15	11	SAFFRON_GYM	9	3	Saffron Gym E SW		Saffron Gym East	Saffron Gym E SW 
853	SAFFRON_GYM	31	9	3	SAFFRON_GYM	15	11	Saffron Gym N NW		Saffron Gym North	Saffron Gym N NW 
867	SAFFRON_GYM	31	9	5	SAFFRON_GYM	5	9	Saffron Gym N SW		Saffron Gym North	Saffron Gym N SW 
849	SAFFRON_GYM	31	19	3	SAFFRON_GYM	15	15	Saffron Gym NE NE		Saffron Gym North East	Saffron Gym NE NE 
855	SAFFRON_GYM	31	15	5	SAFFRON_GYM	1	3	Saffron Gym NE SW		Saffron Gym North East	Saffron Gym NE SW 
863	SAFFRON_GYM	31	19	5	SAFFRON_GYM	1	15	Saffron Gym NE SE		Saffron Gym North East	Saffron Gym NE SE 
869	SAFFRON_GYM	31	15	3	SAFFRON_GYM	15	9	Saffron Gym NE NW		Saffron Gym North East	Saffron Gym NE NW 
846	SAFFRON_GYM	31	5	3	SAFFRON_GYM	11	3	Saffron Gym NW NE		Saffron Gym North West	Saffron Gym NW NE 
856	SAFFRON_GYM	31	1	5	SAFFRON_GYM	11	9	Saffron Gym NW SW		Saffron Gym North West	Saffron Gym NW SW 
860	SAFFRON_GYM	31	5	5	SAFFRON_GYM	1	11	Saffron Gym NW SE		Saffron Gym North West	Saffron Gym NW SE 
870	SAFFRON_GYM	31	1	3	SAFFRON_GYM	15	5	Saffron Gym NW NW		Saffron Gym North West	Saffron Gym NW NW 
871	SAFFRON_GYM	31	11	9	SAFFRON_GYM	1	5	Saffron Gym Sabrina		Saffron Gym Sabrina	Saffron Gym Sabrina 
841	SAFFRON_GYM	31	8	17	SAFFRON_CITY	34	3	Saffron Gym Exit		Saffron Gym South	Saffron Gym Exit 
842	SAFFRON_GYM	31	11	15	SAFFRON_GYM	19	17	Saffron Gym South		Saffron Gym South	Saffron Gym South 
843	SAFFRON_GYM	31	19	15	SAFFRON_GYM	19	9	Saffron Gym SE NE		Saffron Gym South East	Saffron Gym SE NE 
850	SAFFRON_GYM	31	15	17	SAFFRON_GYM	5	15	Saffron Gym SE SW		Saffron Gym South East	Saffron Gym SE SW 
857	SAFFRON_GYM	31	19	17	SAFFRON_GYM	11	15	Saffron Gym SE SE		Saffron Gym South East	Saffron Gym SE SE 
864	SAFFRON_GYM	31	15	15	SAFFRON_GYM	19	3	Saffron Gym SE NW		Saffron Gym South East	Saffron Gym SE NW 
847	SAFFRON_GYM	31	11	5	SAFFRON_GYM	1	17	Saffron Gym N SE		Saffron Gym South West	Saffron Gym N SE 
848	SAFFRON_GYM	31	1	15	SAFFRON_GYM	19	5	Saffron Gym SW NW		Saffron Gym South West	Saffron Gym SW NW 
851	SAFFRON_GYM	31	5	17	SAFFRON_GYM	5	11	Saffron Gym SW SE		Saffron Gym South West	Saffron Gym SW SE 
861	SAFFRON_GYM	31	11	3	SAFFRON_GYM	5	3	Saffron Gym N NE		Saffron Gym South West	Saffron Gym N NE 
862	SAFFRON_GYM	31	1	17	SAFFRON_GYM	11	5	Saffron Gym SW SW		Saffron Gym South West	Saffron Gym SW SW 
865	SAFFRON_GYM	31	5	15	SAFFRON_GYM	15	17	Saffron Gym SW NE		Saffron Gym South West	Saffron Gym SW NE 
845	SAFFRON_GYM	31	1	11	SAFFRON_GYM	5	5	Saffron Gym W SW		Saffron Gym West	Saffron Gym W SW 
852	SAFFRON_GYM	31	5	9	SAFFRON_GYM	9	5	Saffron Gym W NE		Saffron Gym West	Saffron Gym W NE 
859	SAFFRON_GYM	31	1	9	SAFFRON_GYM	19	11	Saffron Gym W NW		Saffron Gym West	Saffron Gym W NW 
652	GOLDENROD_POKECENTER_1F	2	0	6	POKECOM_CENTER_ADMIN_OFFICE_MOBILE	0	31	X			X 
653	POKECOM_CENTER_ADMIN_OFFICE_MOBILE	1	0	31	GOLDENROD_POKECENTER_1F	0	6	X			X 
866	SAFFRON_GYM	31	5	11	SAFFRON_GYM	5	17	Saffron Gym W SE		Saffron Gym West	Saffron Gym W SE 
872	SAFFRON_MART	1	2	7	SAFFRON_CITY	25	11		X	Saffron Mart	SAFFRON_MART Exit
876	SAFFRON_MAGNET_TRAIN_STATION	3	8	17	SAFFRON_CITY	8	3		X	Saffron Station	SAFFRON_MAGNET_TRAIN_STATION Exit
885	ROUTE_5_SAFFRON_GATE	2	4	0	ROUTE_5	8	17	Saffron to Route 5 Gate	X	Saffron/Route 5 Gate	Saffron to Route 5 Gate Exit
886	ROUTE_5_SAFFRON_GATE	2	4	7	SAFFRON_CITY	18	3	Route 5 to Saffron Gate	X	Saffron/Route 5 Gate	Route 5 to Saffron Gate Exit
668	ROUTE_6_SAFFRON_GATE	2	4	0	SAFFRON_CITY	16	33	Route 6 to Saffron Gate	X	Saffron/Route 6 Gate	Route 6 to Saffron Gate Exit
669	ROUTE_6_SAFFRON_GATE	2	4	7	ROUTE_6	6	1	Saffron to Route 6 Gate	X	Saffron/Route 6 Gate	Saffron to Route 6 Gate Exit
794	ROUTE_7_SAFFRON_GATE	2	0	4	ROUTE_7	15	6	Route 7 to Saffron Gate	X	Saffron/Route 7 Gate	Route 7 to Saffron Gate Exit
662	VERMILION_POKECENTER_2F_BETA	1	0	7	VERMILION_POKECENTER_1F	0	7	X			X 
795	ROUTE_7_SAFFRON_GATE	2	9	4	SAFFRON_CITY	0	24	Saffron to Route 7 Gate	X	Saffron/Route 7 Gate	Saffron to Route 7 Gate Exit
751	ROUTE_8_SAFFRON_GATE	2	0	4	SAFFRON_CITY	39	22	Route 8 to Saffron Gate		Saffron/Route 8 Gate	Route 8 to Saffron Gate 
752	ROUTE_8_SAFFRON_GATE	2	9	4	ROUTE_8	4	4	Saffron to Route 8 Gate		Saffron/Route 8 Gate	Saffron to Route 8 Gate 
148	ROUTE_20	1	38	7	SEAFOAM_GYM	5	5		E	Seafoam Gym Entrance	SEAFOAM_GYM Entrance
588	SEAFOAM_GYM	1	5	5	ROUTE_20	38	7		X	Seafoam Gym	SEAFOAM_GYM Exit
798	MANIAS_HOUSE	1	2	7	CIANWOOD_CITY	17	41	Shuckle House	X	Shuckle House	Shuckle House Exit
836	DAY_OF_WEEK_SIBLINGS_HOUSE	1	2	7	ROUTE_26	5	71	Siblings House	X	Siblings House	Siblings House Exit
879	SILPH_CO_1F	1	2	7	SAFFRON_CITY	18	21		X	Silph Co	SILPH_CO_1F Exit
483	SILVER_CAVE_ITEM_ROOMS	2	13	3	SILVER_CAVE_ROOM_2	13	21	Silver Cave Item Room North	X	Silver Cave Item Room 1	Silver Cave Item Room North Exit
484	SILVER_CAVE_ITEM_ROOMS	2	7	15	SILVER_CAVE_ROOM_2	23	3	Silver Cave Item Room South	X	Silver Cave Item Room 2	Silver Cave Item Room South Exit
480	SILVER_CAVE_ROOM_2	4	13	21	SILVER_CAVE_ITEM_ROOMS	13	3	Silver Cave Left Waterfall		Silver Cave Left Waterfall	Silver Cave Left Waterfall 
481	SILVER_CAVE_ROOM_2	4	23	3	SILVER_CAVE_ITEM_ROOMS	7	15	Silver Cave Right Waterfall		Silver Cave Right Waterfall	Silver Cave Right Waterfall 
476	SILVER_CAVE_ROOM_1	2	9	33	SILVER_CAVE_OUTSIDE	18	11		X	Silver Cave Room 1	SILVER_CAVE_ROOM_1 Exit
477	SILVER_CAVE_ROOM_1	2	15	1	SILVER_CAVE_ROOM_2	17	31		E	Silver Cave Room 1	SILVER_CAVE_ROOM_2 Entrance
478	SILVER_CAVE_ROOM_2	4	17	31	SILVER_CAVE_ROOM_1	15	1	Silver Cave Room 2	X	Silver Cave Room 2	Silver Cave Room 2 Exit
479	SILVER_CAVE_ROOM_2	4	11	5	SILVER_CAVE_ROOM_3	9	33	Silver Cave Room 3	E	Silver Cave Room 2	Silver Cave Room 3 Entrance
754	SILVER_CAVE_POKECENTER_1F	1	3	7	SILVER_CAVE_OUTSIDE	23	19		X	Silver Center	SILVER_CAVE_POKECENTER_1F Exit
84	SILVER_CAVE_OUTSIDE	2	23	19	SILVER_CAVE_POKECENTER_1F	3	7		E	Silver Outside	SILVER_CAVE_POKECENTER_1F Entrance
681	PEWTER_POKECENTER_2F_BETA	1	0	7	PEWTER_POKECENTER_1F	0	7	X			X 
85	SILVER_CAVE_OUTSIDE	2	18	11	SILVER_CAVE_ROOM_1	9	33		E	Silver Outside	SILVER_CAVE_ROOM_1 Entrance
93	ROUTE_28	2	33	5	VICTORY_ROAD_GATE	1	7	Route 28 East to Victory Road Gate	E	Silver Outside	Route 28 East to Victory Road Gate Entrance
345	SLOWPOKE_WELL_B2F	1	9	11	SLOWPOKE_WELL_B1F	7	11	Slowpoke Well Basement	X	Slowpoke Well Basement	Slowpoke Well Basement Exit
344	SLOWPOKE_WELL_B1F	2	7	11	SLOWPOKE_WELL_B2F	9	11	Slowpoke Well Basement Access	X	Slowpoke Well HM Locked	Slowpoke Well Basement Access Exit
343	SLOWPOKE_WELL_B1F	2	17	15	AZALEA_TOWN	31	7	Slowpoke Well	X	Slowpoke Well Main Entrance	Slowpoke Well Exit
190	VERMILION_CITY	9	34	7	DIGLETTS_CAVE	3	33	Vermilion Digletts Cave	E	Snorlax	Vermilion Digletts Cave Entrance
749	SOUL_HOUSE	1	4	7	LAVENDER_TOWN	13	11		X	Soul House	SOUL_HOUSE Exit
224	SPROUT_TOWER_1F	4	9	15	VIOLET_CITY	23	5		X	Sprout Tower 1F	SPROUT_TOWER_1F Exit
225	SPROUT_TOWER_1F	4	6	4	SPROUT_TOWER_2F	6	4	Sprout Tower Entrance Up		Sprout Tower 1F	Sprout Tower Entrance Up 
226	SPROUT_TOWER_1F	4	2	6	SPROUT_TOWER_2F	2	6	Sprout Tower 1F Part 2 Up		Sprout Tower 1F Part 2	Sprout Tower 1F Part 2 Up 
227	SPROUT_TOWER_1F	4	17	3	SPROUT_TOWER_2F	17	3	Sprout Tower 1F Part 2 Down		Sprout Tower 1F Part 2	Sprout Tower 1F Part 2 Down 
228	SPROUT_TOWER_2F	4	6	4	SPROUT_TOWER_1F	6	4	Sprout Tower 2F Part 1 Down		Sprout Tower 2F Part 1	Sprout Tower 2F Part 1 Down 
230	SPROUT_TOWER_2F	4	17	3	SPROUT_TOWER_1F	17	3	Sprout Tower 2F Part 1 Up		Sprout Tower 2F Part 1	Sprout Tower 2F Part 1 Up 
229	SPROUT_TOWER_2F	4	2	6	SPROUT_TOWER_1F	2	6	Sprout Tower 2F Part 2 Down		Sprout Tower 2F Part 2	Sprout Tower 2F Part 2 Down 
231	SPROUT_TOWER_2F	4	10	14	SPROUT_TOWER_3F	10	14	Sprout Tower 2F Part 2 Up		Sprout Tower 2F Part 2	Sprout Tower 2F Part 2 Up 
232	SPROUT_TOWER_3F	1	10	14	SPROUT_TOWER_2F	10	14	Sprout Tower 3F Down		Sprout Tower 3F	Sprout Tower 3F Down 
755	ROUTE_28_STEEL_WING_HOUSE	1	2	7	ROUTE_28	7	3		X	Steel Wing House	ROUTE_28_STEEL_WING_HOUSE Exit
753	ROUTE_12_SUPER_ROD_HOUSE	1	2	7	ROUTE_12	11	33		X	Super Rod House	ROUTE_12_SUPER_ROD_HOUSE Exit
382	TEAM_ROCKET_BASE_B2F	5	3	6	TEAM_ROCKET_BASE_B3F	3	6	Thief Room	X	Thief Room	Thief Room Exit
233	TIN_TOWER_1F	2	9	15	ECRUTEAK_CITY	37	7	Tin Tower	X	Tin Tower 1F	Tin Tower Exit
234	TIN_TOWER_1F	2	10	2	TIN_TOWER_2F	10	2	Tin Tower 1F Up		Tin Tower 1F Rainbow Wing	Tin Tower 1F Up 
235	TIN_TOWER_2F	2	10	14	TIN_TOWER_3F	10	14	Tin Tower 2F Up		Tin Tower 2F	Tin Tower 2F Up 
236	TIN_TOWER_2F	2	10	2	TIN_TOWER_1F	10	2	Tin Tower 2F Down		Tin Tower 2F	Tin Tower 2F Down 
237	TIN_TOWER_3F	2	10	14	TIN_TOWER_2F	10	14	Tin Tower 3F Down		Tin Tower 3F	Tin Tower 3F Down 
238	TIN_TOWER_3F	2	16	2	TIN_TOWER_4F	16	2	Tin Tower 3F Up		Tin Tower 3F	Tin Tower 3F Up 
239	TIN_TOWER_4F	4	2	4	TIN_TOWER_5F	2	4	Tin Tower 4F North West		Tin Tower 4F	Tin Tower 4F North West 
240	TIN_TOWER_4F	4	16	2	TIN_TOWER_3F	16	2	Tin Tower 4F North East		Tin Tower 4F	Tin Tower 4F North East 
241	TIN_TOWER_4F	4	2	14	TIN_TOWER_5F	2	14	Tin Tower 4F South West		Tin Tower 4F	Tin Tower 4F South West 
242	TIN_TOWER_4F	4	17	15	TIN_TOWER_5F	17	15	Tin Tower 4F South East		Tin Tower 4F	Tin Tower 4F South East 
246	TIN_TOWER_5F	4	17	15	TIN_TOWER_4F	17	15	Tin Tower 5F East Down		Tin Tower 5F East Down	Tin Tower 5F East Down 
244	TIN_TOWER_5F	4	2	4	TIN_TOWER_4F	2	4	Tin Tower 5F North West		Tin Tower 5F Start	Tin Tower 5F North West 
243	TIN_TOWER_5F	4	11	15	TIN_TOWER_6F	11	15	Tin Tower 5F Up		Tin Tower 5F Up	Tin Tower 5F Up 
245	TIN_TOWER_5F	4	2	14	TIN_TOWER_4F	2	14	Tin Tower 5F West Down		Tin Tower 5F West Down	Tin Tower 5F West Down 
247	TIN_TOWER_6F	2	3	9	TIN_TOWER_7F	3	9	Tin Tower 6F Up		Tin Tower 6F	Tin Tower 6F Up 
248	TIN_TOWER_6F	2	11	15	TIN_TOWER_5F	11	15	Tin Tower 6F Down		Tin Tower 6F	Tin Tower 6F Down 
249	TIN_TOWER_7F	5	3	9	TIN_TOWER_6F	3	9	Tin Tower 7F Down		Tin Tower 7F	Tin Tower 7F Down 
250	TIN_TOWER_7F	5	10	15	TIN_TOWER_8F	2	5	Tin Tower 7F Warp South		Tin Tower 7F	Tin Tower 7F Warp South 
252	TIN_TOWER_7F	5	8	3	TIN_TOWER_7F	12	7	Tin Tower 7F Warp North		Tin Tower 7F	Tin Tower 7F Warp North 
251	TIN_TOWER_7F	5	12	7	TIN_TOWER_7F	8	3	Tin Tower 7F Warp East		Tin Tower 7F Center	Tin Tower 7F Warp East 
253	TIN_TOWER_7F	5	6	9	TIN_TOWER_9F	16	7	Tin Tower 7F Warp West		Tin Tower 7F Center	Tin Tower 7F Warp West 
259	TIN_TOWER_8F	6	6	9	TIN_TOWER_9F	8	13	Tin Tower 8F Item Room Warp		Tin Tower 8F Item Room	Tin Tower 8F Item Room Warp 
258	TIN_TOWER_8F	6	14	15	TIN_TOWER_9F	6	13	Tin Tower 8F Item Room Ledges Warp		Tin Tower 8F Item Room Ledges	Tin Tower 8F Item Room Ledges Warp 
254	TIN_TOWER_8F	6	2	5	TIN_TOWER_7F	10	15	Tin Tower 8F Left North		Tin Tower 8F Left	Tin Tower 8F Left North 
255	TIN_TOWER_8F	6	2	11	TIN_TOWER_9F	12	3	Tin Tower 8F Left South		Tin Tower 8F Left	Tin Tower 8F Left South 
256	TIN_TOWER_8F	6	16	7	TIN_TOWER_9F	2	5	Tin Tower 8F Top South		Tin Tower 8F Top	Tin Tower 8F Top South 
257	TIN_TOWER_8F	6	10	3	TIN_TOWER_9F	12	7	Tin Tower 8F Top North		Tin Tower 8F Top	Tin Tower 8F Top North 
262	TIN_TOWER_9F	7	12	7	TIN_TOWER_8F	10	3	Tin Tower Roof Warp		Tin Tower 9F Center	Tin Tower Roof Warp 
263	TIN_TOWER_9F	7	7	9	TIN_TOWER_ROOF	9	13	Tin Tower Roof	E	Tin Tower 9F Center	Tin Tower Roof Entrance
260	TIN_TOWER_9F	7	12	3	TIN_TOWER_8F	2	11	Tin Tower 9F Top East		Tin Tower 9F Top	Tin Tower 9F Top East 
261	TIN_TOWER_9F	7	2	5	TIN_TOWER_8F	16	7	Tin Tower 9F Top West		Tin Tower 9F Top	Tin Tower 9F Top West 
264	TIN_TOWER_9F	7	16	7	TIN_TOWER_7F	6	9	Tin Tower 9F Warp Top		Tin Tower 9F Warps	Tin Tower 9F Warp Top 
265	TIN_TOWER_9F	7	6	13	TIN_TOWER_8F	14	15	Tin Tower 9F Warp Left		Tin Tower 9F Warps	Tin Tower 9F Warp Left 
266	TIN_TOWER_9F	7	8	13	TIN_TOWER_8F	6	9	Tin Tower 9F Warp Right		Tin Tower 9F Warps	Tin Tower 9F Warp Right 
558	ECRUTEAK_TIN_TOWER_ENTRANCE	4	17	15	ECRUTEAK_TIN_TOWER_ENTRANCE	5	3	Tin Tower Access Corridor	X	Tin Tower Access Corridor	Tin Tower Access Corridor Exit
559	ECRUTEAK_TIN_TOWER_ENTRANCE	4	17	3	WISE_TRIOS_ROOM	1	4	Wise Trio Room From Access	E	Tin Tower Access Corridor	Wise Trio Room From Access Entrance
556	ECRUTEAK_TIN_TOWER_ENTRANCE	4	4	17	ECRUTEAK_CITY	18	11	Tin Tower Access	X	Tin Tower Access Entrance	Tin Tower Access Exit
557	ECRUTEAK_TIN_TOWER_ENTRANCE	4	5	3	ECRUTEAK_TIN_TOWER_ENTRANCE	17	15	Tin Tower Access Corridor	E	Tin Tower Access North	Tin Tower Access Corridor Entrance
739	FUCHSIA_POKECENTER_2F_BETA	1	0	7	FUCHSIA_POKECENTER_1F	0	7	X			X 
720	TIN_TOWER_ROOF	1	9	13	TIN_TOWER_9F	7	9		X	Tin Tower Roof	TIN_TOWER_ROOF Exit
498	TOHJO_FALLS	2	25	15	ROUTE_27	36	5	Tojho Falls East	X	Tojho Falls East	Tojho Falls East Exit
91	ROUTE_27	3	36	5	TOHJO_FALLS	25	15	Tojho Falls West	E	Tojho West	Tojho Falls West Entrance
89	ROUTE_27	3	33	7	ROUTE_27_SANDSTORM_HOUSE	2	7		E	Tojho Exit	ROUTE_27_SANDSTORM_HOUSE Entrance
744	LAVENDER_POKECENTER_2F_BETA	1	0	7	LAVENDER_POKECENTER_1F	0	7	X			X 
90	ROUTE_27	3	26	5	TOHJO_FALLS	13	15	Tojho Falls East	E	Tojho Exit	Tojho Falls East Entrance
497	TOHJO_FALLS	2	13	15	ROUTE_27	26	5	Tojho West	X	Tojho Falls West	Tojho West Exit
700	FAST_SHIP_CABINS_SW_SSW_NW	3	2	0	FAST_SHIP_1F	15	8	Top Far Left Ship Room	X	Top Far Left Ship Room	Top Far Left Ship Room Exit
697	FAST_SHIP_CABINS_NNW_NNE_NE	3	2	0	FAST_SHIP_1F	27	8	Top Far Right Ship Room	X	Top Far Right Ship Room	Top Far Right Ship Room Exit
699	FAST_SHIP_CABINS_NNW_NNE_NE	3	2	24	FAST_SHIP_1F	19	8	Top Left Ship Room	X	Top Left Ship Room	Top Left Ship Room Exit
698	FAST_SHIP_CABINS_NNW_NNE_NE	3	2	12	FAST_SHIP_1F	23	8	Top Right Ship Room	X	Top Right Ship Room	Top Right Ship Room Exit
816	TRAINER_HOUSE_1F	2	2	13	VIRIDIAN_CITY	23	15		X	Trainer House 1F	TRAINER_HOUSE_1F Exit
817	TRAINER_HOUSE_1F	2	8	2	TRAINER_HOUSE_B1F	9	4	Trainer House Ladder Down		Trainer House 1F	Trainer House Ladder Down 
818	TRAINER_HOUSE_B1F	1	9	4	TRAINER_HOUSE_1F	8	2	Trainer House 2F Up	X	Trainer House 2F	Trainer House 2F Up Exit
333	UNION_CAVE_1F	4	5	19	UNION_CAVE_B1F	7	19	Union Cave 1F Down Ladder		Union Cave	Union Cave 1F Down Ladder 
335	UNION_CAVE_1F	4	17	31	ROUTE_33	11	9	Union Cave Azalea	X	Union Cave	Union Cave Azalea Exit
756	POKECENTER_2F	3	5	0	TRADE_CENTER	4	7	X			X 
757	POKECENTER_2F	3	9	0	COLOSSEUM	4	7	X			X 
758	POKECENTER_2F	3	13	2	TIME_CAPSULE	4	7	X			X 
759	TRADE_CENTER	1	4	7	POKECENTER_2F	5	0	X			X 
760	COLOSSEUM	1	4	7	POKECENTER_2F	9	0	X			X 
761	TIME_CAPSULE	1	4	7	POKECENTER_2F	13	2	X			X 
336	UNION_CAVE_1F	4	17	3	ROUTE_32	6	79	Union Cave Violet	X	Union Cave	Union Cave Violet Exit
339	UNION_CAVE_B1F	5	7	19	UNION_CAVE_1F	5	19	Union Cave B1F Up Ladder		Union Cave B1F	Union Cave B1F Up Ladder 
764	CELADON_DEPT_STORE_1F	3	2	0	CELADON_DEPT_STORE_ELEVATOR	1	3	X			X 
342	UNION_CAVE_B2F	1	5	3	UNION_CAVE_B1F	17	31	Union Cave Lapras Basement	X	Union Cave Lapras Basement	Union Cave Lapras Basement Exit
341	UNION_CAVE_B1F	5	17	31	UNION_CAVE_B2F	5	3	Union Cave Passage East Ladder		Union Cave Pass East	Union Cave Passage East Ladder 
340	UNION_CAVE_B1F	5	3	33	UNION_CAVE_1F	3	33	Union Cave Passage West Ladder		Union Cave Pass West	Union Cave Passage West Ladder 
338	UNION_CAVE_B1F	5	3	11	RUINS_OF_ALPH_OUTSIDE	6	27	Union Cave Ledges	X	Union Cave Strength	Union Cave Ledges Exit
334	UNION_CAVE_1F	4	3	33	UNION_CAVE_B1F	3	33	Union Cave Surf Ladder Down		Union Cave Surf Down	Union Cave Surf Ladder Down 
337	UNION_CAVE_B1F	5	3	3	RUINS_OF_ALPH_OUTSIDE	6	19	Union Cave Grass	X	Union Cave B1F Back	Union Cave Grass Exit
182	VERMILION_CITY	9	5	5	VERMILION_FISHING_SPEECH_HOUSE	2	7		E	Vermilion	VERMILION_FISHING_SPEECH_HOUSE Entrance
183	VERMILION_CITY	9	9	5	VERMILION_POKECENTER_1F	3	7		E	Vermilion	VERMILION_POKECENTER_1F Entrance
184	VERMILION_CITY	9	7	13	POKEMON_FAN_CLUB	2	7		E	Vermilion	POKEMON_FAN_CLUB Entrance
185	VERMILION_CITY	9	13	13	VERMILION_MAGNET_TRAIN_SPEECH_HOUSE	2	7		E	Vermilion	VERMILION_MAGNET_TRAIN_SPEECH_HOUSE Entrance
186	VERMILION_CITY	9	21	13	VERMILION_MART	3	7		E	Vermilion	VERMILION_MART Entrance
187	VERMILION_CITY	9	21	17	VERMILION_DIGLETTS_CAVE_SPEECH_HOUSE	2	7		E	Vermilion	VERMILION_DIGLETTS_CAVE_SPEECH_HOUSE Entrance
661	VERMILION_POKECENTER_1F	1	3	7	VERMILION_CITY	9	5		X	Vermilion Center	VERMILION_POKECENTER_1F Exit
666	VERMILION_DIGLETTS_CAVE_SPEECH_HOUSE	1	2	7	VERMILION_CITY	21	17		X	Vermilion Diglett House	VERMILION_DIGLETTS_CAVE_SPEECH_HOUSE Exit
660	VERMILION_FISHING_SPEECH_HOUSE	1	2	7	VERMILION_CITY	5	5		X	Vermilion Fishing House	VERMILION_FISHING_SPEECH_HOUSE Exit
188	VERMILION_CITY	9	10	19	VERMILION_GYM	4	17		E	Vermilion Gym	VERMILION_GYM Entrance
667	VERMILION_GYM	1	4	17	VERMILION_CITY	10	19		X	Vermilion Gym	VERMILION_GYM Exit
665	VERMILION_MART	1	2	7	VERMILION_CITY	21	13		X	Vermilion Mart	VERMILION_MART Exit
685	VERMILION_PORT	2	9	5	VERMILION_PORT_PASSAGE	3	14		X	Vermilion Port	VERMILION_PORT Exit
712	VERMILION_PORT_PASSAGE	4	15	0	VERMILION_CITY	19	31		X	Vermilion Port House	VERMILION_PORT_PASSAGE Exit
713	VERMILION_PORT_PASSAGE	4	15	4	VERMILION_PORT_PASSAGE	3	2	Vermilion Port House to Corridor		Vermilion Port House	Vermilion Port House to Corridor 
786	CELADON_POKECENTER_2F_BETA	1	0	7	CELADON_POKECENTER_1F	0	7	X			X 
714	VERMILION_PORT_PASSAGE	4	3	2	VERMILION_PORT_PASSAGE	15	4	Vermilion Port Passage Corridor		Vermilion Port Passage Corridor	Vermilion Port Passage Corridor 
715	VERMILION_PORT_PASSAGE	4	3	14	VERMILION_PORT	9	5		E	Vermilion Port Passage Corridor	VERMILION_PORT Entrance
899	VERMILION_PORT	2	7	17	FAST_SHIP_1F	25	1	Vermilion Fast Ship Entrance		Vermilion Port Ticket	Vermilion Fast Ship Entrance 
191	ROUTE_6	2	17	3	ROUTE_6_UNDERGROUND_PATH_ENTRANCE	3	7		E	Vermilion Power	ROUTE_6_UNDERGROUND_PATH_ENTRANCE Entrance
664	VERMILION_MAGNET_TRAIN_SPEECH_HOUSE	1	2	7	VERMILION_CITY	13	13		X	Vermilion Train House	VERMILION_MAGNET_TRAIN_SPEECH_HOUSE Exit
189	VERMILION_CITY	9	19	31	VERMILION_PORT_PASSAGE	15	0		E	Vermilion	VERMILION_PORT_PASSAGE Entrance
192	ROUTE_6	2	6	1	ROUTE_6_SAFFRON_GATE	4	7	Route 6 to Saffron Gate	E	Vermilion	Route 6 to Saffron Gate Entrance
827	VICTORY_ROAD_GATE	4	9	0	VICTORY_ROAD	9	67	Victory Road Entrance		Victory Road Gate	Victory Road Entrance 
826	VICTORY_ROAD_GATE	4	9	17	ROUTE_26	7	5	Victory Road Gate to Route 26		Victory Road Gate 8 Badges	Victory Road Gate to Route 26 
828	VICTORY_ROAD_GATE	4	1	7	ROUTE_28	33	5	Victory Road Gate to Route 28		Victory Road Gate Mt Silver	Victory Road Gate to Route 28 
825	VICTORY_ROAD_GATE	4	17	7	ROUTE_22	13	5	Victory Road Gate to Route 22		Victory Road Gate Snorlax	Victory Road Gate to Route 22 
546	VICTORY_ROAD	10	9	67	VICTORY_ROAD_GATE	9	0	Victory Road Gate	X	Victory Road Hall 1	Victory Road Gate Exit
547	VICTORY_ROAD	10	1	49	VICTORY_ROAD	1	35	Victory Road 1F Up		Victory Road Hall 1	Victory Road 1F Up 
548	VICTORY_ROAD	10	1	35	VICTORY_ROAD	1	49	Victory Road 2F Down		Victory Road Hall 2	Victory Road 2F Down 
549	VICTORY_ROAD	10	13	31	VICTORY_ROAD	13	17	Victory Road 2F Up		Victory Road Hall 2	Victory Road 2F Up 
550	VICTORY_ROAD	10	13	17	VICTORY_ROAD	13	31	Victory Road 3F Down		Victory Road Hall 3	Victory Road 3F Down 
551	VICTORY_ROAD	10	17	33	VICTORY_ROAD	17	19	Victory Road 2F Ledge Up		Victory Road Hall 3	Victory Road 2F Ledge Up 
555	VICTORY_ROAD	10	13	5	ROUTE_23	9	13		X	Victory Road Hall 3	VICTORY_ROAD Exit
805	BATTLE_TOWER_1F	2	7	9	BATTLE_TOWER_OUTSIDE	8	9	X			X 
806	BATTLE_TOWER_1F	2	7	0	BATTLE_TOWER_ELEVATOR	1	3	X			X 
807	BATTLE_TOWER_BATTLE_ROOM	1	3	7	BATTLE_TOWER_HALLWAY	9	0	X			X 
808	BATTLE_TOWER_ELEVATOR	1	1	3	BATTLE_TOWER_HALLWAY	11	1	X			X 
809	BATTLE_TOWER_HALLWAY	1	5	0	BATTLE_TOWER_BATTLE_ROOM	3	7	X			X 
552	VICTORY_ROAD	10	17	19	VICTORY_ROAD	17	33	Victory Road 3F Ledge Down		Victory Road Hall 3 Ledge	Victory Road 3F Ledge Down 
10	VIOLET_CITY	8	9	17	VIOLET_MART	3	7		E	Violet	VIOLET_MART Entrance
11	VIOLET_CITY	8	18	17	VIOLET_GYM	4	15		E	Violet	VIOLET_GYM Entrance
12	VIOLET_CITY	8	30	17	EARLS_POKEMON_ACADEMY	3	15	Violet School	E	Violet	Violet School Entrance
13	VIOLET_CITY	8	3	15	VIOLET_NICKNAME_SPEECH_HOUSE	3	7		E	Violet	VIOLET_NICKNAME_SPEECH_HOUSE Entrance
14	VIOLET_CITY	8	31	25	VIOLET_POKECENTER_1F	3	7		E	Violet	VIOLET_POKECENTER_1F Entrance
15	VIOLET_CITY	8	21	29	VIOLET_KYLES_HOUSE	3	7	Violet Trade House	E	Violet	Violet Trade House Entrance
16	VIOLET_CITY	8	23	5	SPROUT_TOWER_1F	9	15	Sprout Tower Entrance	E	Violet	Sprout Tower Entrance Entrance
17	VIOLET_CITY	8	39	24	ROUTE_31_VIOLET_GATE	0	4	Violet Exit To Route 31 Gate	E	Violet	Violet Exit To Route 31 Gate Entrance
100	ROUTE_32	3	4	2	ROUTE_32_RUINS_OF_ALPH_GATE	9	4	Route 32 to Ruins Gate	E	Violet	Route 32 to Ruins Gate Entrance
109	ROUTE_36	2	47	13	ROUTE_36_RUINS_OF_ALPH_GATE	4	0	Route 36 to Ruins Gate	E	Violet	Route 36 to Ruins Gate Entrance
821	VIRIDIAN_POKECENTER_2F_BETA	1	0	7	VIRIDIAN_POKECENTER_1F	0	7	X			X 
614	VIOLET_POKECENTER_1F	1	3	7	VIOLET_CITY	31	25		X	Violet Center	VIOLET_POKECENTER_1F Exit
611	VIOLET_GYM	1	4	15	VIOLET_CITY	18	17		X	Violet Gym	VIOLET_GYM Exit
610	VIOLET_MART	1	2	7	VIOLET_CITY	9	17		X	Violet Mart	VIOLET_MART Exit
613	VIOLET_NICKNAME_SPEECH_HOUSE	1	3	7	VIOLET_CITY	3	15		X	Violet Nickname House	VIOLET_NICKNAME_SPEECH_HOUSE Exit
612	EARLS_POKEMON_ACADEMY	1	3	15	VIOLET_CITY	30	17	Violet School	X	Violet School	Violet School Exit
615	VIOLET_KYLES_HOUSE	1	3	7	VIOLET_CITY	21	29	Violet Trade House	X	Violet Trade House	Violet Trade House Exit
895	ROUTE_31_VIOLET_GATE	2	0	4	VIOLET_CITY	39	24	Route 31 to Violet Gate	X	Violet/Route 31 Gate	Route 31 to Violet Gate Exit
896	ROUTE_31_VIOLET_GATE	2	9	4	ROUTE_31	4	6	Violet to Route 31 Gate	X	Violet/Route 31 Gate	Violet to Route 31 Gate Exit
820	VIRIDIAN_POKECENTER_1F	1	3	7	VIRIDIAN_CITY	23	25		X	Viridian Center	VIRIDIAN_POKECENTER_1F Exit
814	VIRIDIAN_GYM	1	4	17	VIRIDIAN_CITY	32	7		X	Viridian Gym	VIRIDIAN_GYM Exit
815	VIRIDIAN_NICKNAME_SPEECH_HOUSE	1	2	7	VIRIDIAN_CITY	21	9		X	Viridian House	VIRIDIAN_NICKNAME_SPEECH_HOUSE Exit
819	VIRIDIAN_MART	1	2	7	VIRIDIAN_CITY	29	19		X	Viridian Mart	VIRIDIAN_MART Exit
740	SAFARI_ZONE_WARDENS_HOME	1	2	7	FUCHSIA_CITY	27	27		X	Wardens House	SAFARI_ZONE_WARDENS_HOME Exit
309	RUINS_OF_ALPH_OMANYTE_CHAMBER	3	3	9	RUINS_OF_ALPH_OUTSIDE	2	29		X	Water Stone Chamber	RUINS_OF_ALPH_OMANYTE_CHAMBER Exit
311	RUINS_OF_ALPH_OMANYTE_CHAMBER	3	4	0	RUINS_OF_ALPH_OMANYTE_ITEM_ROOM	3	9		E	Water Stone Have	RUINS_OF_ALPH_OMANYTE_ITEM_ROOM Entrance
325	RUINS_OF_ALPH_OMANYTE_ITEM_ROOM	2	3	9	RUINS_OF_ALPH_OMANYTE_CHAMBER	4	0	Water Stone Item Room	X	Water Stone Item Room	Water Stone Item Room Exit
129	PEWTER_CITY	5	29	13	PEWTER_NIDORAN_SPEECH_HOUSE	2	7		E	West Kanto	PEWTER_NIDORAN_SPEECH_HOUSE Entrance
130	PEWTER_CITY	5	16	17	PEWTER_GYM	4	13		E	West Kanto	PEWTER_GYM Entrance
131	PEWTER_CITY	5	23	17	PEWTER_MART	3	7		E	West Kanto	PEWTER_MART Entrance
132	PEWTER_CITY	5	13	25	PEWTER_POKECENTER_1F	3	7		E	West Kanto	PEWTER_POKECENTER_1F Entrance
133	PEWTER_CITY	5	7	29	PEWTER_SNOOZE_SPEECH_HOUSE	2	7		E	West Kanto	PEWTER_SNOOZE_SPEECH_HOUSE Entrance
138	VIRIDIAN_CITY	5	32	7	VIRIDIAN_GYM	4	17		E	West Kanto	VIRIDIAN_GYM Entrance
139	VIRIDIAN_CITY	5	21	9	VIRIDIAN_NICKNAME_SPEECH_HOUSE	2	7		E	West Kanto	VIRIDIAN_NICKNAME_SPEECH_HOUSE Entrance
140	VIRIDIAN_CITY	5	23	15	TRAINER_HOUSE_1F	2	13		E	West Kanto	TRAINER_HOUSE_1F Entrance
141	VIRIDIAN_CITY	5	29	19	VIRIDIAN_MART	3	7		E	West Kanto	VIRIDIAN_MART Entrance
142	VIRIDIAN_CITY	5	23	25	VIRIDIAN_POKECENTER_1F	3	7		E	West Kanto	VIRIDIAN_POKECENTER_1F Entrance
143	ROUTE_22	1	13	5	VICTORY_ROAD_GATE	17	7	Route 22 to Victory Road Gate	E	West Kanto	Route 22 to Victory Road Gate Entrance
144	PALLET_TOWN	3	5	5	REDS_HOUSE_1F	2	7		E	West Kanto	REDS_HOUSE_1F Entrance
145	PALLET_TOWN	3	13	5	BLUES_HOUSE	2	7		E	West Kanto	BLUES_HOUSE Entrance
146	PALLET_TOWN	3	12	11	OAKS_LAB	4	11		E	West Kanto	OAKS_LAB Entrance
216	ROUTE_3	1	52	1	MOUNT_MOON	3	3	Route 3 Mt Moon	E	West Kanto	Route 3 Mt Moon Entrance
218	ROUTE_8	1	4	4	ROUTE_8_SAFFRON_GATE	9	4	Route 8 to Saffron Gate	E	West Kanto	Route 8 to Saffron Gate Entrance
221	ROUTE_10_SOUTH	1	6	1	ROCK_TUNNEL_1F	11	25	Route 10 Rock Tunnel	E	West Kanto	Route 10 Rock Tunnel Entrance
114	ROUTE_41	4	12	17	WHIRL_ISLAND_NW	5	7		E	Whirl	WHIRL_ISLAND_NW Entrance
115	ROUTE_41	4	36	19	WHIRL_ISLAND_NE	3	13		E	Whirl	WHIRL_ISLAND_NE Entrance
116	ROUTE_41	4	12	37	WHIRL_ISLAND_SW	5	7		E	Whirl	WHIRL_ISLAND_SW Entrance
117	ROUTE_41	4	36	45	WHIRL_ISLAND_SE	5	13		E	Whirl	WHIRL_ISLAND_SE Entrance
466	WHIRL_ISLAND_B1F	9	23	31	WHIRL_ISLAND_SW	17	3	Whirl Island Boulder Left		Whirl Island Boulder	Whirl Island Boulder Left 
467	WHIRL_ISLAND_B1F	9	31	29	WHIRL_ISLAND_SE	5	3	Whirl Island Boulder Right		Whirl Island Boulder	Whirl Island Boulder Right 
458	WHIRL_ISLAND_CAVE	2	7	5	WHIRL_ISLAND_B1F	17	21	Whirl Island Cave North	X	Whirl Island Cave	Whirl Island Cave North Exit
459	WHIRL_ISLAND_CAVE	2	3	13	WHIRL_ISLAND_NW	7	15	Whirl Island Cave South	X	Whirl Island Cave	Whirl Island Cave South Exit
472	WHIRL_ISLAND_B2F	4	7	11	WHIRL_ISLAND_B1F	13	27	Whirl Island Item Room		Whirl Island Item Room	Whirl Island Item Room 
465	WHIRL_ISLAND_B1F	9	9	31	WHIRL_ISLAND_SW	3	3	Whirl Island Ledge Left		Whirl Island Ledge	Whirl Island Ledge Left 
470	WHIRL_ISLAND_B1F	9	17	21	WHIRL_ISLAND_CAVE	7	5	Whirl Island Ledge Cave		Whirl Island Ledge Cave	Whirl Island Ledge Cave 
463	WHIRL_ISLAND_B1F	9	35	3	WHIRL_ISLAND_NE	17	3	Whirl Island Lugia Passage Up		Whirl Island Lugia Passage	Whirl Island Lugia Passage Up 
468	WHIRL_ISLAND_B1F	9	25	21	WHIRL_ISLAND_B2F	11	5	Whirl Island Lugia Passage Down		Whirl Island Lugia Passage	Whirl Island Lugia Passage Down 
462	WHIRL_ISLAND_B1F	9	5	5	WHIRL_ISLAND_NW	5	3	Whirl Island Main Ladder Up		Whirl Island Main	Whirl Island Main Ladder Up 
464	WHIRL_ISLAND_B1F	9	29	9	WHIRL_ISLAND_NE	13	11	Whirl Island Item Ladder Up		Whirl Island Main	Whirl Island Item Ladder Up 
469	WHIRL_ISLAND_B1F	9	13	27	WHIRL_ISLAND_B2F	7	11	Whirl Island Main Ladder Down		Whirl island Main	Whirl Island Main Ladder Down 
450	WHIRL_ISLAND_NE	3	3	13	ROUTE_41	36	19		X	Whirl Island NE	WHIRL_ISLAND_NE Exit
452	WHIRL_ISLAND_NE	3	13	11	WHIRL_ISLAND_B1F	29	9	Whirl Island NE Item		Whirl Island NE Item	Whirl Island NE Item 
451	WHIRL_ISLAND_NE	3	17	3	WHIRL_ISLAND_B1F	35	3	Whirl Island NE Ledge		Whirl Island NE Ledge	Whirl Island NE Ledge 
874	SAFFRON_POKECENTER_2F_BETA	1	0	7	SAFFRON_POKECENTER_1F	0	7	X			X 
446	WHIRL_ISLAND_NW	4	5	7	ROUTE_41	12	17		X	Whirl Island NW Exit	WHIRL_ISLAND_NW Exit
447	WHIRL_ISLAND_NW	4	5	3	WHIRL_ISLAND_B1F	5	5	Whirl Island NW Ladder		Whirl Island NW Exit	Whirl Island NW Ladder 
448	WHIRL_ISLAND_NW	4	3	15	WHIRL_ISLAND_SW	3	15	Whirl Island NW Passage Left		Whirl Island NW Passage	Whirl Island NW Passage Left 
449	WHIRL_ISLAND_NW	4	7	15	WHIRL_ISLAND_CAVE	3	13	Whirl Island NW Passage Right		Whirl Island NW Passage	Whirl Island NW Passage Right 
460	WHIRL_ISLAND_SE	2	5	13	ROUTE_41	36	45	Whirl Island SE	X	Whirl Island SE	Whirl Island SE Exit
461	WHIRL_ISLAND_SE	2	5	3	WHIRL_ISLAND_B1F	31	29	Whirl Island SE Ladder		Whirl Island SE	Whirl Island SE Ladder 
453	WHIRL_ISLAND_SW	5	5	7	ROUTE_41	12	37		X	Whirl Island SW	WHIRL_ISLAND_SW Exit
455	WHIRL_ISLAND_SW	5	3	3	WHIRL_ISLAND_B1F	9	31	Whirl Island SW Ladder		Whirl Island SW	Whirl Island SW Ladder 
456	WHIRL_ISLAND_SW	5	3	15	WHIRL_ISLAND_NW	3	15	Whirl Island SW Passage Surf Left		Whirl Island SW Passage Surf Left	Whirl Island SW Passage Surf Left 
457	WHIRL_ISLAND_SW	5	17	15	WHIRL_ISLAND_B2F	13	31	Whirl Island SW Passage Surf Right		Whirl Island SW Passage Surf Right	Whirl Island SW Passage Surf Right 
454	WHIRL_ISLAND_SW	5	17	3	WHIRL_ISLAND_B1F	23	31	Whirl Island SW Surf		Whirl Island SW Surf	Whirl Island SW Surf 
473	WHIRL_ISLAND_B2F	4	7	25	WHIRL_ISLAND_LUGIA_CHAMBER	9	13	Whirl Island Lugia	E	Whirl Island Waterfall Bottom	Whirl Island Lugia Entrance
474	WHIRL_ISLAND_B2F	4	13	31	WHIRL_ISLAND_SW	17	15	Whirl Island Waterfall Ladder		Whirl Island Waterfall Ladder	Whirl Island Waterfall Ladder 
471	WHIRL_ISLAND_B2F	4	11	5	WHIRL_ISLAND_B1F	25	21	Whirl Island Waterfall Top		Whirl Island Waterfall Top	Whirl Island Waterfall Top 
723	WILLS_ROOM	2	5	17	INDIGO_PLATEAU_POKECENTER_1F	14	3		X	Wills Room	WILLS_ROOM Exit
724	WILLS_ROOM	2	4	2	KOGAS_ROOM	4	17		E	Wills Room	KOGAS_ROOM Entrance
560	WISE_TRIOS_ROOM	2	7	4	ECRUTEAK_CITY	20	2	Wise Trio East	X	Wise Trio East	Wise Trio East Exit
561	WISE_TRIOS_ROOM	2	1	4	ECRUTEAK_TIN_TOWER_ENTRANCE	17	3	Wise Trio West	X	Wise Trio West	Wise Trio West Exit
430	ICE_PATH_B1F	8	11	2	ICE_PATH_B2F_MAHOGANY_SIDE	11	4	x			x 
431	ICE_PATH_B1F	8	4	7	ICE_PATH_B2F_MAHOGANY_SIDE	4	6	x			x 
432	ICE_PATH_B1F	8	5	12	ICE_PATH_B2F_MAHOGANY_SIDE	4	12	x			x 
433	ICE_PATH_B1F	8	12	13	ICE_PATH_B2F_MAHOGANY_SIDE	12	12	x			x 
438	ICE_PATH_B2F_MAHOGANY_SIDE	6	11	4	ICE_PATH_B1F	11	2	X			X 
439	ICE_PATH_B2F_MAHOGANY_SIDE	6	4	6	ICE_PATH_B1F	4	7	X			X 
440	ICE_PATH_B2F_MAHOGANY_SIDE	6	4	12	ICE_PATH_B1F	5	12	X			X 
441	ICE_PATH_B2F_MAHOGANY_SIDE	6	12	12	ICE_PATH_B1F	12	13	X			X 
632	GOLDENROD_MAGNET_TRAIN_STATION	3	6	5	SAFFRON_MAGNET_TRAIN_STATION	11	5	X			X 
633	GOLDENROD_MAGNET_TRAIN_STATION	3	11	5	SAFFRON_MAGNET_TRAIN_STATION	6	5	X			X 
877	SAFFRON_MAGNET_TRAIN_STATION	3	6	5	GOLDENROD_MAGNET_TRAIN_STATION	11	5	X			X 
878	SAFFRON_MAGNET_TRAIN_STATION	3	11	5	GOLDENROD_MAGNET_TRAIN_STATION	6	5	X			X 
